Month,Terminal ID,Terminal Serial,Business Name,Payment Value,Payment Volume,Transfer Value,Transfer Volume,"Target PaymentValue",Target Met,"Days Since LastTransaction"
April,2033FPWF,P260301778312,HABEEB OPEYEMI,"10,661,200.00",43,"8,385,000.00",16,"20,000.00",TRUE,0
April,2070HIPC,P260301532179,Olas peace diamond 4,"10,171,596.00",117,"10,613,327.00",56,"20,000.00",TRUE,0
April,2070F4CL,P260301172084,"BOVAS & COMPANY LIMITED -Bovas and company Ife 1","9,722,730.00",247,0,0,"20,000.00",TRUE,0
April,2070G4WR,P260300724045,"FOUANI NIGERIA LIMITEDSURULERE","8,678,247.00",26,0,0,"20,000.00",TRUE,0
April,2070G4ET,P260301581181,"BOVAS & COMPANY LIMITED -Bovas and company Ife 2","7,227,550.00",480,0,0,"20,000.00",TRUE,0
April,2057HLDI,P260301350143,"BOVAS & COMPANY LIMITED -BOVAS AND COMPANY TANKE2","7,109,091.00",717,0,0,"20,000.00",TRUE,0
April,2070ABPC,P260301216654,"BOVAS & COMPANY LIMITED -BOVAS AND COMPANY ADO 2","5,873,650.00",475,0,0,"20,000.00",TRUE,0
April,2070F4DB,P260300746008,"BOVAS & COMPANY LIMITED -Bovas and company Ilesha 2","5,714,848.00",302,0,0,"20,000.00",TRUE,0
April,2057CCBX,P260300603709,Olas Peace Diamond 2,"5,404,799.00",14,"14,797,339.00",43,"20,000.00",TRUE,0
April,2057KP4E,P260301581764,AMINU ATTAH YARO,"5,317,600.00",39,"5,197,200.00",51,"20,000.00",TRUE,0
April,2070WO9M,P260301081346,"BOVAS & COMPANY LIMITED -BOVAS AND COMPANY ADENIJI","5,067,643.00",216,0,0,"20,000.00",TRUE,0
April,2070UI5U,P260301350148,"BOVAS & COMPANY LIMITED -BOVAS AND COMPANY GBAGI","5,050,788.00",407,0,0,"20,000.00",TRUE,0
April,2070P0VM,P260301302599,TOP SUCCESS IWO ROAD,"4,938,500.00",68,0,0,"20,000.00",TRUE,0
April,2070L9LD,P260301640955,"BOVAS & COMPANY LIMITED -BOVAS AND COMPANY agbowo","4,832,092.80",441,0,0,"20,000.00",TRUE,0
April,2070AZHK,P260301664375,"BOVAS & COMPANY LIMITED -Bovas and company Ashi","4,128,591.00",405,0,0,"20,000.00",TRUE,0
April,2033ZTGW,P260300489219,ORIRE G MULTIVENTURE 2,"3,894,100.00",50,"4,362,600.00",25,"20,000.00",TRUE,0
April,22143HIP,P260300666160,TOMUP - TOMUP HQ,"3,431,000.00",46,0,0,"20,000.00",TRUE,0
April,2070IY5V,P260301081350,"BOVAS & COMPANY LIMITED -BOVAS AND COMPANY JOS","3,160,374.00",103,0,0,"20,000.00",TRUE,0
April,2033OHCX,P260301823983,OORE OFE STORE,"3,014,250.00",30,"2,377,100.00",14,"20,000.00",TRUE,0
April,2057DOLM,P260301115975,"OLWADAMS PETROLEUM OILAND GAS","2,949,960.00",266,0,0,"20,000.00",TRUE,0
April,2057URND,P260301664376,"BOVAS & COMPANY LIMITED -Bovas and company Ashi","2,776,537.00",316,0,0,"20,000.00",TRUE,0
April,22143UQC,P260301274159,TOMUP - TOMUP IWO ROAD 2,"2,687,000.00",39,0,0,"20,000.00",TRUE,0
April,2033GDWD,P260301223045,ISMAIL STORES,"2,374,450.00",12,"1,949,000.00",5,"20,000.00",TRUE,0
April,2033GCCM,P260300159184,OLAS PEACE 3 VENTURES,"2,148,800.00",30,"3,795,728.00",35,"20,000.00",TRUE,0
April,20704OCM,P260300606044,JOFES MART SAGAMU,"2,138,591.00",236,0,0,"20,000.00",TRUE,0
April,2070RNL4,P260301464219,YALWA RANO VENTURES 2,"2,099,550.00",34,"7,704,600.00",72,"20,000.00",TRUE,0
April,2070F8EP,P260300645861,"UNIQUE ELDEE GLOBALENTERPRISES","2,058,050.00",55,0,0,"20,000.00",TRUE,0
April,2033TMG2,P260300325765,"TOLUWALASE GLOBALCONCEPT 2","2,045,650.00",46,"503,000.00",14,"20,000.00",TRUE,0
April,2070YG3N,P260301450712,SAO MOWE 11,"1,911,169.00",121,0,0,"20,000.00",TRUE,0
April,2033CKVP,P260300856185,"YOUNG SHALL GROWINVESTMENT","1,811,600.00",18,"6,085,700.00",36,"20,000.00",TRUE,0
April,2070OD3M,P260301195525,SAO MOWE 12,"1,758,600.00",115,0,0,"20,000.00",TRUE,0
April,2214C9AR,P260301815578,Davers multi purpose pos,"1,677,200.00",50,"345,000.00",11,"20,000.00",TRUE,0
April,20701XJL,P260300445476,HAYKAY INVESTMENT LTD,"1,658,800.00",18,"1,467,200.00",18,"20,000.00",TRUE,0
April,2070GTSA,P260301532539,"OLWADAMS PETROLEUM OILAND GAS 2","1,552,380.00",162,0,0,"20,000.00",TRUE,0
April,2033FPPK,P260300171193,SANI HADHIDU,"1,519,940.00",31,"1,629,640.00",9,"20,000.00",TRUE,0
April,2057AEMV,P260300778517,"YOUNG SHALL GROWLOGISTICS","1,480,900.00",11,"557,100.00",12,"20,000.00",TRUE,0
April,2070TD3Z,P260301195520,SAO MOWE 10,"1,465,432.00",85,0,0,"20,000.00",TRUE,0
April,20704DPQ,P260301188503,BSY BUSINESS CENTER,"1,390,350.00",87,"810,200.00",17,"20,000.00",TRUE,0
April,2057HKKL,P260301464218,Gods blessing enterprise,"1,368,000.00",6,"1,357,000.00",5,"20,000.00",TRUE,0
April,22143N3I,P260300778513,TOMUP - TOMUP RINGROAD,"1,345,500.00",27,0,0,"20,000.00",TRUE,0
April,2070GMM7,P260300666173,"OLUYORO CATHOLICHOSPITAL OKE OFA","1,271,770.00",84,0,0,"20,000.00",TRUE,0
April,2033FOPE,P260301165956,YALWA RANO VENTURES,"1,268,600.00",36,"5,659,500.00",61,"20,000.00",TRUE,0
April,2070H4AE,P260300219723,Oyekanmi Ventures,"1,254,100.00",13,"1,239,000.00",2,"20,000.00",TRUE,0
April,2070UG9I,P260301169027,FOODCO NIG BAKERY AKOBO,"1,217,000.00",10,0,0,"20,000.00",TRUE,0
April,2057IIAJ,P260301272624,"OLOHUNLAMBE NIGENTERPRISES","1,146,150.00",77,"959,700.00",48,"20,000.00",TRUE,0
April,2070W8LF,P260300699520,SAO JERICHO 6,"1,126,197.00",100,0,0,"20,000.00",TRUE,0
April,2070L5DM,P260300700492,Anuoluwapo Enterprises,"1,124,050.00",15,"729,500.00",10,"20,000.00",TRUE,0
April,2070C3YV,P260300616899,EKARUN COMMUNICATIONS 2,"1,098,550.00",36,"1,116,500.00",12,"20,000.00",TRUE,0
April,2070FFT7,P260301131395,TASKA FILLING STATION 5,"1,044,870.00",151,0,0,"20,000.00",TRUE,0
April,2070I9UG,P260300700657,ACE AKOBO SUPERMARKET,"1,044,735.00",148,0,0,"20,000.00",TRUE,0
April,2057IXSR,P260301345858,RACHE STORE,"1,044,000.00",2,"482,000.00",5,"20,000.00",TRUE,0
April,2070PVL2,P260301220423,RIRO VENTURES,"1,043,200.00",20,"1,043,500.00",8,"20,000.00",TRUE,0
April,2057B18M,P260301709680,BILAL AGAJI PROVIDENCE,"1,017,900.00",61,"1,281,100.00",42,"20,000.00",TRUE,0
April,2070M0JZ,P260300669376,SAO CHALLENGE 2,"1,014,352.00",84,0,0,"20,000.00",TRUE,0
April,2214X5EY,P260301813629,OJO DORCAS OLUFUNMILOLA,"960,500.00",42,"779,000.00",11,"20,000.00",TRUE,0
April,2070SE9K,P260301163627,OWU CROWN HOTELS LIMITED,"914,000.00",11,0,0,"20,000.00",TRUE,0
April,2070XB9M,P260301081351,"BOVAS & COMPANY LIMITED -BOVAS AND COMPANY BAUCHI","898,265.00",39,0,0,"20,000.00",TRUE,0
April,2057IDPE,P260301375083,NAZEER MADA ENTERPRISES,"877,200.00",17,"890,800.00",18,"20,000.00",TRUE,0
April,22142EPC,P260300784141,TOMUP - TOMUP DUGBE,"866,000.00",9,0,0,"20,000.00",TRUE,0
April,2214IROQ,P260300784149,TOMUP - TOMUP CHALLENGE 1,"862,400.00",18,0,0,"20,000.00",TRUE,0
April,2057NKLW,P260300316634,PLANTOM TELECOMS,"843,000.00",14,0,0,"20,000.00",TRUE,0
April,2070SDN7,P260300502810,FIYINFOLUWA VENTURES 2,"810,650.00",54,"607,100.00",14,"20,000.00",TRUE,0
April,2070KZRG,P260301606854,OTOH HOTEL,"808,200.00",61,0,0,"20,000.00",TRUE,0
April,2057QD5F,P260301581380,FOR REAL PROJECT SERVICES,"800,000.00",1,0,0,"20,000.00",TRUE,0
April,2033OLKT,P260301216856,Olawale telecommunications,"761,400.00",102,"839,500.00",22,"20,000.00",TRUE,0
April,2033IIFZ,P260301299209,ALBARKA VENTURES,"715,500.00",56,"19,000.00",2,"20,000.00",TRUE,0
April,2070Q3UF,P260300739808,ACE OYO SUPERMARKET,"693,080.00",123,0,0,"20,000.00",TRUE,0
April,20700NSI,P260301302583,GOD FIRST MULTI VENTURE,"693,050.00",23,"732,600.00",6,"20,000.00",TRUE,0
April,2070RKE4,P260301555071,KURAMO OAK INNOVATION,"683,800.00",38,0,0,"20,000.00",TRUE,0
April,2033GWX5,P260301037159,T AND T VENTURES,"667,650.00",30,"2,039,500.00",21,"20,000.00",TRUE,0
April,2057UPGP,P260300746811,"FRIENDLY TOP GAS STATIONMOLETE","644,200.00",104,0,0,"20,000.00",TRUE,0
April,2070Z1CZ,P260300671022,MARVELOUS DRINKS DEPOT,"637,350.00",9,"636,950.00",5,"20,000.00",TRUE,0
April,2033PCL4,P260300032235,ACE VENTURES,"628,600.00",36,"257,000.00",11,"20,000.00",TRUE,0
April,2057B48X,P260301709694,God first multi venture 2,"617,600.00",34,"1,037,400.00",9,"20,000.00",TRUE,0
April,20575GTS,P260300326051,ABIDEMI GLOBAL VENTURES 3,"610,400.00",32,"1,087,500.00",7,"20,000.00",TRUE,0
April,2057NQ3U,P260301165040,REAL 1 ENTERPRISE,"599,450.00",74,"151,850.00",12,"20,000.00",TRUE,0
April,2070J0OD,P260300674464,Adams Enterprises,"596,800.00",19,"592,500.00",17,"20,000.00",TRUE,0
April,2057AYXG,P260301374730,MUMMY TOMMY FANCY STORE,"596,300.00",12,0,0,"20,000.00",TRUE,0
April,2214AX1Q,P260301326747,Vanguard pharmacy Akobo,"590,690.00",63,0,0,"20,000.00",TRUE,0
April,2070LQK5,P260301485665,OLA MUMMY MEG EXCLUSIVE,"586,100.00",54,"598,600.00",15,"20,000.00",TRUE,0
April,2070CX9S,P260300992596,FOODCO NIG OLUYOLE 1,"584,466.49",193,0,0,"20,000.00",TRUE,0
April,2033PBYO,P260300411728,GODS VENTURES,"577,000.00",22,"575,860.00",8,"20,000.00",TRUE,0
April,2070I9UM,P260301699960,"ACE IJEBU ODESUPERMARKET","575,165.00",77,0,0,"20,000.00",TRUE,0
April,221408P0,P260300806756,"TOMUP - TOMUP MOKOLA ILEEPO","567,000.00",9,0,0,"20,000.00",TRUE,0
April,2070L9LL,P260300700713,"BOVAS & COMPANY LIMITED -BOVAS AND COMPANYOSHOGBO 1 LPG","566,600.00",22,0,0,"20,000.00",TRUE,0
April,2070XJD9,P260300507860,IKFAS VENTURES LIMITED,"549,700.00",18,"456,000.00",7,"20,000.00",TRUE,0
April,2057YQZU,P260301172669,ADEX BUSINESS ENTERPRISE,"541,800.00",5,"510,200.00",2,"20,000.00",TRUE,0
April,2070H9DF,P260300704952,TOPEX VENTURES,"539,000.00",11,"862,150.00",6,"20,000.00",TRUE,0
April,207087UE,P260300412065,Olacom investment,"534,700.00",73,"314,100.00",17,"20,000.00",TRUE,0
April,20331OEN,P260301091897,IYA ALAJE VENTURES,"531,400.00",12,"470,000.00",2,"20,000.00",TRUE,0
April,2057XPVT,P260301018503,J SHALOM HOSPITAL,"524,500.00",4,"246,000.00",1,"20,000.00",TRUE,0
April,2070F8QQ,P260300645862,KOSI STORES,"509,200.00",7,"521,500.00",3,"20,000.00",TRUE,0
April,2057FMEU,P260301291817,NEYO VENTURES,"500,900.00",19,"560,400.00",8,"20,000.00",TRUE,0
April,2070D4NF,P260300219977,ANJOLAOLUWA STORES,"481,200.00",11,"615,000.00",8,"20,000.00",TRUE,0
April,2070J8PA,P260300650725,BLOSSOM VENTURES,"463,400.00",6,"471,000.00",2,"20,000.00",TRUE,0
April,2070M0JR,P260300669366,SAO JERICHO 2,"461,600.00",43,0,0,"20,000.00",TRUE,0
April,2033IHOP,P260301652761,L.S GAZ,"459,000.00",64,0,0,"20,000.00",TRUE,0
April,20339XEJ,P260301671413,"NEW RUFLAT INNOVATIONINVESTMENT LIMITED","457,450.00",135,0,0,"20,000.00",TRUE,0
April,2070Z3HA,P260301349990,JABELE AND SON VENTURES,"452,050.00",53,"35,000.00",1,"20,000.00",TRUE,0
April,2070IV4U,P260301189412,ADEOLA ENTERPRISES,"448,000.00",5,0,0,"20,000.00",TRUE,0
April,2057UAXL,P260301092283,OGO OLUWA VENTURES,"447,480.00",48,"168,000.00",1,"20,000.00",TRUE,0
April,2070U1IC,P260300671024,MOTHER WEALTH,"442,650.00",18,"380,000.00",2,"20,000.00",TRUE,0
April,2033JEGF,P260301266783,SALOON VENTURES,"436,200.00",38,"430,000.00",13,"20,000.00",TRUE,0
April,22142EFL,P260300730677,TOMUP - TOMUP AKURE,"431,000.00",10,0,0,"20,000.00",TRUE,0
April,221451Y4,P260300825394,"TOMUP - TOMUP MOKOLAASUNLE","426,000.00",5,0,0,"20,000.00",TRUE,0
April,2057BBTO,P260301204057,"TOM-JAY MUIZ GLOBALSERVICE - TOMJAYINVESTMENT","421,200.00",9,0,0,"20,000.00",TRUE,0
April,2057UPHD,P260300746812,ISSYPAY,"416,600.00",37,"81,030.00",12,"20,000.00",TRUE,0
April,221458DI,P260300855325,TOMUP - TOMUP OSOGBO,"415,500.00",8,0,0,"20,000.00",TRUE,0
April,2070W9YB,P260300730661,OPEYEMI TRADING STORE,"414,400.00",18,"198,400.00",6,"20,000.00",TRUE,0
April,2070RH9C,P260301163622,"OWU CROWN HOTELS LIMITEDFOOD AND BEVERAGES","413,000.00",22,0,0,"20,000.00",TRUE,0
April,2070J7BV,P260300627172,"HAMYGDALIN PHARMACY -HAMYGDALIN PHARMACY","412,620.00",89,0,0,"20,000.00",TRUE,0
April,2070083P,P260300839100,"BOVAS & COMPANY LIMITED -Bovas and company Okene 2","408,100.00",4,0,0,"20,000.00",TRUE,0
April,2070DUJB,P260301731654,"MUMMY AHMAD FANCY STORE2","403,800.00",14,"350,000.00",2,"20,000.00",TRUE,0
April,2070JW1X,P260301642785,"adeomo mobile networkingenterprises 2","398,000.00",5,"16,500.00",4,"20,000.00",TRUE,0
April,2070M1LM,P260300638507,OLYMPUS HOTEL AND LOUNGE,"383,600.00",18,0,0,"20,000.00",TRUE,0
April,2070W1JY,P260300671021,CRESCENT SUPERMARKET 2,"374,720.00",85,0,0,"20,000.00",TRUE,0
April,2057XAWJ,P260301040106,ABDULL MUSHEN,"364,000.00",5,"363,460.00",18,"20,000.00",TRUE,0
April,207044KT,P260300446352,BIOGATE VENTURES,"362,700.00",11,"40,100.00",3,"20,000.00",TRUE,0
April,2070RK7U,P260300856597,FAVOURS VENTURE,"348,400.00",57,"317,600.00",11,"20,000.00",TRUE,0
April,2214W1R7,P260301759154,oluwadotun mosunmola abigael,"347,450.00",32,"195,850.00",7,"20,000.00",TRUE,0
April,2214DAHK,P260300784140,TOMUP - Tomup challenge 2,"343,000.00",9,0,0,"20,000.00",TRUE,0
April,2070574R,P260300460746,SHEKKY VENTURES 2,"339,500.00",10,"336,900.00",9,"20,000.00",TRUE,0
April,2057NMPD,P260301293561,BISIMILAH VENTURES,"338,650.00",23,"99,500.00",3,"20,000.00",TRUE,0
April,2070E0SA,P260300704886,THE BIG SAM VENTURES,"330,600.00",22,"151,700.00",10,"20,000.00",TRUE,0
April,22144HJL,P260300730678,TOMUP - TOMUP ILORIN,"329,500.00",6,0,0,"20,000.00",TRUE,0
April,20705RTF,P260301166809,Emily homes of beauty 2,"322,800.00",13,"267,300.00",6,"20,000.00",TRUE,0
April,2033OJPU,P260301018519,MERIT VENTURES,"315,500.00",45,"230,600.00",13,"20,000.00",TRUE,0
April,2070JN3Q,P260300975935,FEEZ VENTURE,"314,900.00",24,"573,300.00",1,"20,000.00",TRUE,0
April,2070IRAL,P260301555064,JAYSPLACE NG,"313,500.00",14,0,0,"20,000.00",TRUE,0
April,2057ERSQ,P260301188504,ASHIBUNALAU VENTURES,"309,900.00",45,"84,160.00",6,"20,000.00",TRUE,0
April,2070FBZH,P260301485832,OREOFE BUSINESS VENTURE,"305,800.00",27,"572,800.00",12,"20,000.00",TRUE,0
April,22141AHF,P260300784147,TOMUP - TOMUP RETAIL,"305,600.00",6,0,0,"20,000.00",TRUE,0
April,2033YYWU,P260300610203,ALBARKA VENTURES 2,"303,700.00",22,"14,150.00",4,"20,000.00",TRUE,0
April,2070DU3B,P260301180773,RASLAT VENTURES,"301,700.00",3,"295,500.00",4,"20,000.00",TRUE,0
April,2033FZTS,P260300118238,DP WORLD VENTURE,"299,100.00",21,"38,100.00",5,"20,000.00",TRUE,0
April,20709T9E,P260301551720,"SURVIVAL AGRICULTURAL HUBLTD","299,000.00",1,0,0,"20,000.00",TRUE,0
April,2070425G,P260300546311,OLOWOLAGBA VENTURES,"286,000.00",22,"567,795.00",5,"20,000.00",TRUE,0
April,2070IVCK,P260301584207,JAYSPLACE NG 2,"284,900.00",17,0,0,"20,000.00",TRUE,0
April,20704DNS,P260301759155,OLA OLUWA VENTURES,"279,100.00",10,"670,370.00",6,"20,000.00",TRUE,0
April,2070DW5A,P260301464215,"OGO OLUWAA BUSINESSVENTURE","278,430.00",19,"76,200.00",10,"20,000.00",TRUE,0
April,2057ZOTV,P260301172814,Ajoke Wine Store,"275,650.00",40,"140,000.00",1,"20,000.00",TRUE,0
April,2033ZFPH,P260300784151,"LIVING PROOF BAKERY ANDSUPERMARKETS AYEGUN 2","274,410.00",59,0,0,"20,000.00",TRUE,0
April,2070BIEW,P260301685655,"BARUWA BUSINESSENTERPRISE 3","274,400.00",32,0,0,"20,000.00",TRUE,0
April,2070ENFR,P260301485672,FUNCTION COMMUNICATION,"274,000.00",28,"134,500.00",3,"20,000.00",TRUE,0
April,2070TL4Z,P260301181418,FOODCO ADEGBAYI 3,"273,613.00",68,0,0,"20,000.00",TRUE,0
April,2057ZFKU,P260301116852,WUMI DE MAMA G VENTURE,"272,600.00",18,"284,600.00",4,"20,000.00",TRUE,0
April,2033XZS1,P260300018218,"Global vision agrobiz andveterinary services","268,000.00",9,"128,500.00",2,"20,000.00",TRUE,0
April,2057ARBZ,P260301266786,WUMMINE VENTURES 2,"266,250.00",38,"442,100.00",3,"20,000.00",TRUE,0
April,2057OT5O,P260301581761,ABDULL MUSHEN 2,"260,950.00",24,"274,500.00",20,"20,000.00",TRUE,0
April,2070GLEJ,P260301531098,latfem enterprises,"260,400.00",6,"313,200.00",6,"20,000.00",TRUE,0
April,2214206X,P260300856268,TOMUP - TOMUP LAG,"258,500.00",7,0,0,"20,000.00",TRUE,0
April,2070C9QD,P260300699539,TASKA FILLING STATION 5,"258,000.00",4,0,0,"20,000.00",TRUE,0
April,2057BVEM,P260301270957,JESUTOFUNMI ENTERPRISES,"256,100.00",31,0,0,"20,000.00",TRUE,0
April,2070S3ZT,P260300739802,OLUYOLE CHICKEN EXPRESS,"248,700.00",48,0,0,"20,000.00",TRUE,0
April,2070PY3G,P260301188769,GODDEY VENTURES,"246,200.00",17,"163,100.00",3,"20,000.00",TRUE,0
April,207090VI,P260300975326,MEGA WEALTH VENTURES,"245,100.00",39,"315,600.00",5,"20,000.00",TRUE,0
April,2070N936,P260300134584,HOLAGOMI VENTURES,"240,650.00",48,"163,400.00",8,"20,000.00",TRUE,0
April,2057NL9H,P260301559134,RIDWAN MUHAMMAD ZEZI POS,"236,900.00",37,"254,900.00",15,"20,000.00",TRUE,0
April,20331QSE,P260300691042,TWO TEES NIGERIA LIMITED,"235,000.00",7,0,0,"20,000.00",TRUE,0
April,20705YLC,P260300599571,Abidemi ventures 2,"233,300.00",23,"177,000.00",3,"20,000.00",TRUE,0
April,2070424G,P260301274158,BABS VENTURES,"232,670.00",24,"29,000.00",5,"20,000.00",TRUE,0
April,2033ZGYL,P260300779571,ANUOLUWAPO RESTAURANT,"230,550.00",45,0,0,"20,000.00",TRUE,0
April,2070Z8CX,P260301219479,PRINCESS COMMUNICATION,"228,950.00",8,0,0,"20,000.00",TRUE,0
April,2070EQDY,P260301471020,MM BUSINESS ENTERPRISE,"228,500.00",31,"229,250.00",9,"20,000.00",TRUE,0
April,2070B288,P260301018516,AKLAT VENTURES,"225,150.00",41,"79,800.00",4,"20,000.00",TRUE,0
April,2070MU7S,P260300784148,ADELOVE VENTURE,"225,100.00",12,"28,000.00",2,"20,000.00",TRUE,0
April,20339PZU,P260301165957,FIT PRIZE 2,"225,000.00",2,"241,500.00",3,"20,000.00",TRUE,0
April,2070DGLP,P260301699971,EMINENT BJ ENTERPRISE,"223,100.00",15,"140,500.00",7,"20,000.00",TRUE,0
April,2033ILOR,P260300562208,AJIBOLA VENTURE,"222,590.00",19,"40,000.00",1,"20,000.00",TRUE,0
April,2070V3JS,P260301551729,LULI SMT COMMENCING 2,"222,250.00",17,"221,900.00",4,"20,000.00",TRUE,0
April,2070JUT7,P260301018518,KT MASHI ENTERPRISE,"221,600.00",23,"248,900.00",9,"20,000.00",TRUE,0
April,22149ECS,P260301815575,TOBBY GLOBAL CONCEPT,"220,200.00",24,0,0,"20,000.00",TRUE,0
April,2070LRE4,P260301374726,"DAVERS multipurpose ventures -DAVERS multipurpose ventures","216,150.00",66,0,0,"20,000.00",TRUE,0
April,2214C369,C41P008D01507276,"ALMUBARAK SUPERMARKETSTORE","215,350.00",23,"287,700.00",8,"20,000.00",TRUE,0
April,2070IOR3,P260301460489,FUNCTIONAL,"213,050.00",40,"12,100.00",4,"20,000.00",TRUE,0
April,20705OHJ,P260301180774,EMILY HOMES OF BEAUTY,"212,000.00",7,"47,200.00",5,"20,000.00",TRUE,0
April,2070D0YG,P260301374027,"UNIQUE ELDEE GLOBALENTERPRISES APATA 2","206,050.00",72,0,0,"20,000.00",TRUE,0
April,207031KM,P260300616252,K KUMA  VENTURES,"205,600.00",36,"186,250.00",14,"20,000.00",TRUE,0
April,2070VM0F,P260300355916,ENIFEM ENTERPRISES,"202,500.00",5,"190,000.00",3,"20,000.00",TRUE,0
April,2070IJMC,P260301532538,"AKINWALE BUSINESSENTERPRISE","200,000.00",9,"201,300.00",6,"20,000.00",TRUE,0
April,2070BJRW,P260301471024,GODS PRAISE VENTURE,"197,000.00",40,"186,800.00",13,"20,000.00",TRUE,0
April,2033C9ZO,P260301492428,Details (dfabricsvendor),"195,950.00",18,"552,764.25",1,"20,000.00",TRUE,0
April,2070K8SS,P260300650727,"UNIQUE ELDEE GLOBALENTERPRISES APATA","195,495.00",39,0,0,"20,000.00",TRUE,0
April,2033FQYD,P260300160243,ORIREG MULTI VENTURES,"195,300.00",9,"148,600.00",7,"20,000.00",TRUE,0
April,2057OH2M,P260301216390,GBEMI GLOBAL ENTERPRISES,"195,200.00",6,"331,800.00",12,"20,000.00",TRUE,0
April,2057EQKI,P260301164475,"Araoluwa Food Canteen AndRestaurant","193,900.00",21,"193,100.00",1,"20,000.00",TRUE,0
April,2070K8SV,P260300650726,"SOLAT TELECOMS MEGA PROIYAGANKU","192,000.00",3,0,0,"20,000.00",TRUE,0
April,20700OHF,P260300443249,OSCAR VENTURES,"190,800.00",15,"230,600.00",10,"20,000.00",TRUE,0
April,2070GFK3,P260300507869,L A TELECOMS,"190,800.00",19,"190,050.00",5,"20,000.00",TRUE,0
April,20337RI9,P260300616253,GURGLE LOUNGE AND BAR 2,"190,300.00",25,0,0,"20,000.00",TRUE,0
April,2070000O,P260300603803,"Omak healthcare services - OMAKFOODMATTAZ MONIYA","189,850.00",40,0,0,"20,000.00",TRUE,0
April,20703MQR,P260300442077,Mhiz Temmy Limited,"185,900.00",17,"483,800.00",5,"20,000.00",TRUE,0
April,20703PSN,P260301651844,B-FEYTEM ENTERPRISES,"180,000.00",2,0,0,"20,000.00",TRUE,0
April,2070V3QF,P260301192924,MUMMY TWINS FANCY STORE,"179,700.00",6,"216,000.00",3,"20,000.00",TRUE,0
April,2070LRTJ,P260301349598,PROMISE PHOTO,"179,100.00",21,"24,500.00",2,"20,000.00",TRUE,0
April,2070XH8W,P260301116850,Ileri Oluwa Venture,"177,050.00",6,"247,800.00",6,"20,000.00",TRUE,0
April,20336FU1,P260301450711,"LIVING PROOF SUPERMARKETFELELE","176,555.00",44,0,0,"20,000.00",TRUE,0
April,2214L8ME,P260301813628,SPMU & SPA MALL,"173,900.00",6,0,0,"20,000.00",TRUE,0
April,2057EBYO,P260300442075,SMARTECH VENTURES,"173,500.00",17,"82,400.00",3,"20,000.00",TRUE,0
April,2070KXZW,P260301672901,"GOLD MULTI PURPOSEVENTURE 2","173,400.00",7,"52,000.00",3,"20,000.00",TRUE,0
April,2033C7GR,P260300627162,"Vanguard Pharmacy ltd -VANGUARD PHARM ADEOYO","169,990.00",43,0,0,"20,000.00",TRUE,0
April,2070WSM7,P260300803965,ISHOLAP,"169,100.00",16,0,0,"20,000.00",TRUE,0
April,2057EBAO,P260301266784,K KELVIC TRADING STORE,"168,000.00",22,"103,200.00",5,"20,000.00",TRUE,0
April,2033C9CT,P260301040105,BFO 2,"167,600.00",30,0,0,"20,000.00",TRUE,0
April,20704XPH,P260301720633,ASSALAM MULTI SERVICES,"165,400.00",18,"7,500.00",4,"20,000.00",TRUE,0
April,2057NK4P,P260301581182,T AND T VENTURES,"164,300.00",11,"160,800.00",3,"20,000.00",TRUE,0
April,2057NEAS,P260300613064,AYO VENTURE,"161,300.00",30,"294,000.00",5,"20,000.00",TRUE,0
April,2070AUHG,P260301223046,FEMI JOHNSON,"159,300.00",14,"120,000.00",2,"20,000.00",TRUE,0
April,20331NRO,P260300601759,JEMJEM SUPER STORE,"159,000.00",2,0,0,"20,000.00",TRUE,0
April,2070J5HV,P260300198372,Onaopemipo Medicine store,"153,140.00",12,"15,000.00",1,"20,000.00",TRUE,0
April,2070RO1U,P260301045588,"INTEGRITY MULTI PURPOSEVENTURE","153,100.00",14,"119,500.00",8,"20,000.00",TRUE,0
April,207066AR,P260300174198,OLUWATOMISI ENTERPRISE,"148,800.00",41,"102,340.00",7,"20,000.00",TRUE,0
April,2070390L,P260300171185,FIYINFOLUWA VENTURES,"148,600.00",21,"17,000.00",2,"20,000.00",TRUE,0
April,2070F9LZ,P260300704887,NIYISCOLET VENTURES,"147,700.00",6,"203,600.00",3,"20,000.00",TRUE,0
April,2070FBEM,P260301485829,EZRA HOTEL 2,"147,500.00",18,0,0,"20,000.00",TRUE,0
April,2070QRX9,P260301493477,BETHYOATH,"147,220.00",10,"152,640.00",8,"20,000.00",TRUE,0
April,2057ABCY,P260301195534,SOLAD BOUTIQUE,"146,500.00",7,0,0,"20,000.00",TRUE,0
April,20704VKX,P260301168981,JOSH VENTURE,"144,750.00",11,"210,950.00",5,"20,000.00",TRUE,0
April,2033TOF9,P260301460951,DEEGEE ENTERPRISE,"143,000.00",18,"159,800.00",10,"20,000.00",TRUE,0
April,2070Q7DR,P260301819426,RAIUFU SUAIBU,"142,150.00",21,"179,500.00",6,"20,000.00",TRUE,0
April,2033D7RJ,P260301642786,S O GUEST HOUSE,"140,900.00",33,0,0,"20,000.00",TRUE,0
April,2070K9QJ,P260300700493,"OWO N WAMI BUSINESSENTERPRISE 3","140,500.00",2,"130,000.00",2,"20,000.00",TRUE,0
April,2057BFSH,P260301292159,SAMBUK FANCY STORE,"140,000.00",1,0,0,"20,000.00",TRUE,0
April,2070J506,P260301374739,ABUBILAL ENTERPRISES,"138,700.00",7,"1,716,100.00",18,"20,000.00",TRUE,0
April,207027VR,P260300803802,Triple A Ventures,"135,750.00",20,"108,830.00",4,"20,000.00",TRUE,0
April,2070X2FQ,P260300779572,Olas Enterprise,"135,350.00",5,0,0,"20,000.00",TRUE,0
April,20337ZS9,P260301131396,AS SALAM VENTURES,"135,000.00",17,"198,000.00",4,"20,000.00",TRUE,0
April,2070VMF7,P260301640956,OLORUNKEMI VENTURE,"135,000.00",23,"3,000.00",1,"20,000.00",TRUE,0
April,20331AGK,P260300666174,"BEATRICE AND JONAHENTERPRISE","134,000.00",2,"133,000.00",1,"20,000.00",TRUE,0
April,2070CZMO,P260301686622,"YOUNG SHALL GROWBUSINESS ENTERPRISE","132,150.00",22,"553,900.00",19,"20,000.00",TRUE,0
April,2033OLFV,P260301045279,"TWO TYRE BUSINESSENTERPRISE","128,750.00",16,"50,000.00",2,"20,000.00",TRUE,0
April,20701ZBP,P260300445475,DOLLEK MULTI VENTURE,"128,472.00",24,"8,772.00",3,"20,000.00",TRUE,0
April,207087AN,P260301288875,Favor mini market,"126,100.00",16,"5,000.00",1,"20,000.00",TRUE,0
April,20331DIZ,P260301345857,"THE 3QWIIN SUPERMARKET -THE 3QWIIN SUPERMARKET 2","123,120.00",48,0,0,"20,000.00",TRUE,0
April,2033V95R,P260301165044,SORIAN POS,"121,550.00",35,"115,650.00",7,"20,000.00",TRUE,0
April,2070329E,P260301165958,NEGOVIK GLOBAL CONCEPT,"121,400.00",20,0,0,"20,000.00",TRUE,0
April,2070G7NZ,P260300699524,"FEEDWELL FOODSSUPERMARKET CHALLENGE","118,140.00",27,0,0,"20,000.00",TRUE,0
April,2033DSOS,P260300561833,FORTUNATE STORE,"116,850.00",18,"34,100.00",2,"20,000.00",TRUE,0
April,2057HEXG,P260301352811,OLAS BUSINESS ENTERPRISE,"114,750.00",19,"66,400.00",6,"20,000.00",TRUE,0
April,20705OQO,P260300355989,AY VENTURE 2,"113,900.00",19,"15,440.00",2,"20,000.00",TRUE,0
April,2070JYQH,P260301555070,GURGLE LOUNGE AND BAR 4,"112,800.00",13,0,0,"20,000.00",TRUE,0
April,20700QAY,P260301085186,ATOYEBI ENTERPRISES,"111,370.00",31,"144,050.00",8,"20,000.00",TRUE,0
April,20335ZQ1,P260300551814,MONYASHAU VENTURES,"109,200.00",4,"112,100.00",2,"20,000.00",TRUE,0
April,2033ZFAW,P260300568502,"LIVING PROOF BAKERY ANDSUPERMARKETS","108,030.00",27,0,0,"20,000.00",TRUE,0
April,2070L9DC,P260300700494,"EASY LIFE TRADINGENTERPRISE","107,000.00",3,"12,500.00",1,"20,000.00",TRUE,0
April,2033TNG5,P260300603802,WHO CARES VENTURES,"104,600.00",4,"100,000.00",1,"20,000.00",TRUE,0
April,2070W0CZ,P260301204056,"DAMSDEK GLOBAL OIL ANDGAS","104,190.00",26,"100,000.00",2,"20,000.00",TRUE,0
April,2033FPAA,P260300123894,TRIPLE A ENTERPRISE,"103,700.00",3,"1,000.00",1,"20,000.00",TRUE,0
April,2057VDHI,P260300806468,HIS GRACCE VENTURES,"101,100.00",12,"77,100.00",4,"20,000.00",TRUE,0
April,2033TKWL,P260300362435,"JAMATECH ALUMINUMSVENTURES","100,600.00",4,"50,000.00",1,"20,000.00",TRUE,0
April,2070AGPG,P260300839346,AKERELE OLATUNJI,"100,000.00",1,0,0,"20,000.00",TRUE,0
April,2070I8CE,P260300645864,"RIDWANULLAHI FOODCANTEEN","99,600.00",32,"130,000.00",2,"20,000.00",TRUE,0
April,2070H818,P260301287614,"THE 3QWIIN SUPERMARKET -THE 3QWIIN SUPERMARKET","99,598.00",36,0,0,"20,000.00",TRUE,0
April,2070FWCN,P260300550039,"DELIGHT BUSINESSENTERPRISE 2","98,050.00",12,"152,200.00",3,"20,000.00",TRUE,0
April,2070EIQ9,P260300630117,ALLIAMDULIAH VENTURE,"96,700.00",14,"66,100.00",3,"20,000.00",TRUE,0
April,2057AAVH,P260301705042,"AJIFOWOBAJE BUSINESSENTERPRISE","96,100.00",16,"54,300.00",4,"20,000.00",TRUE,0
April,2033SWRA,P260300353040,HIS MIGHTY GSM CLINIC,"94,900.00",13,"73,000.00",1,"20,000.00",TRUE,0
April,20709F8I,P260301679898,TURNER LEE VENTURE,"93,550.00",13,"88,500.00",3,"20,000.00",TRUE,0
April,2070KD5K,P260301086358,Dudu Venture,"92,200.00",5,"91,800.00",2,"20,000.00",TRUE,0
April,20331CKO,P260301493479,YAH LATEEF STORE,"90,750.00",3,"87,000.00",2,"20,000.00",TRUE,0
April,2070N2OT,P260300779573,"OBAMA BEAUTY WORLDSALON","89,000.00",9,"30,400.00",2,"20,000.00",TRUE,0
April,2070L8ZR,P260300651374,"(ZHEA ZION VENTURES) ZHEEVENTURES - ZHEE VENTURES","88,720.00",9,0,0,"20,000.00",TRUE,0
April,2033OXX0,P260301192920,"ACE INTERIORS & CORPORATEWEARS","86,900.00",15,"173,580.00",6,"20,000.00",TRUE,0
April,2057HDQT,P260301350142,"LIVING PROOF BATERY ANDSUPERMARKET FELELE 2","85,950.00",34,0,0,"20,000.00",TRUE,0
April,2057DJWU,P260301664377,EVERYTHING BY ELITE,"84,700.00",9,0,0,"20,000.00",TRUE,0
April,2070I1OG,P260300630110,"Omak healthcare services - OMAKSUPERMARKET BODIJA","84,050.00",29,0,0,"20,000.00",TRUE,0
April,2057EPYA,P260300257397,Oluwaseun Semilore Ventures,"83,100.00",5,"32,000.00",4,"20,000.00",TRUE,0
April,20705RBR,P260301754271,"OGO OLUWA 2 BUSINESSVENTURE","82,850.00",15,"108,000.00",6,"20,000.00",TRUE,0
April,2057BSFJ,P260301220711,ARISE AND SHINE VENTURES,"82,500.00",11,"102,250.00",4,"20,000.00",TRUE,0
April,20334RCU,P260300983541,K KELVIC TRADING STORES,"82,200.00",12,"8,100.00",3,"20,000.00",TRUE,0
April,2070D0ZE,P260300674463,"LIVING PROOF BAKERY ANDSUPERMARKET OJOO","80,560.00",26,0,0,"20,000.00",TRUE,0
April,2033IKUA,P260300195694,PERFECT PLACE MARCHANT,"80,300.00",13,"78,450.00",1,"20,000.00",TRUE,0
April,2057DNAA,P260300159596,HOLAGOMI VENTURES 2,"79,000.00",19,"1,200.00",1,"20,000.00",TRUE,0
April,2057A03R,P260301709681,"ALAHULATEEF BUSINESSENTERPRISES","78,500.00",20,"176,000.00",3,"20,000.00",TRUE,0
April,2033OGNL,P260301216381,MUMMY BARAKAT VENTURES,"78,450.00",23,"50,100.00",9,"20,000.00",TRUE,0
April,2070VJB8,P260301037151,DEBIPHILUS CONCEPT,"77,900.00",20,"51,550.00",6,"20,000.00",TRUE,0
April,20339ORY,P260301204058,OPEYEMI ENTERPRISE,"77,800.00",7,"39,500.00",1,"20,000.00",TRUE,0
April,2057BZRX,P260301270622,THE HAIR QUARTERS,"77,200.00",15,0,0,"20,000.00",TRUE,0
April,2033RDY7,P260300032241,"ELDA-T INTEGRATEDBUSINESS CONCEPT","77,100.00",12,"12,600.00",3,"20,000.00",TRUE,0
April,2033F6CW,C41P008D01503508,"ADEFAT BUSINESSENTERPRISE 2","75,350.00",4,"24,000.00",3,"20,000.00",TRUE,0
April,20709O3M,P260300550045,"ALUKO VICTORIOUS KINGENTERPRISES","75,050.00",19,"47,100.00",3,"20,000.00",TRUE,0
April,2070QX5C,P260301122777,"KEJI CHEMIST AND PROVISIONSRORE","74,800.00",6,0,0,"20,000.00",TRUE,0
April,2057LX0U,P260301611324,SALOON VENTURES 2,"72,000.00",13,"52,950.00",7,"20,000.00",TRUE,0
April,2057JX0K,P260301648365,"ASIWAJU ELEGBOOGI HERBALTHERAPHY - ASIWAJUELEGBOOGI HERBAL","71,500.00",3,"20,000.00",1,"20,000.00",TRUE,0
April,2070VAQ7,P260300570733,TEMITOPE VENTURES,"71,400.00",16,"48,500.00",5,"20,000.00",TRUE,0
April,2214CXPQ,P260301787824,AZEEZ KEMI,"70,850.00",13,0,0,"20,000.00",TRUE,0
April,2070GOUQ,P260301531099,"Pheezah Fashion World -PHEEZAH FASHION WORLD 2","70,700.00",1,0,0,"20,000.00",TRUE,0
April,2070K8KN,P260300319542,"Structural Adjustment savingsScheme","70,000.00",1,"80,000.00",3,"20,000.00",TRUE,0
April,2070IHTT,P260300549139,"MSTUNNAL BIZMARTVENTURES","70,000.00",13,0,0,"20,000.00",TRUE,0
April,20705RXD,P260300411721,"Clement Amen Mobile moneyTransfer","69,300.00",6,"178,500.00",12,"20,000.00",TRUE,0
April,20700VSH,P260301216981,OLOYE VENTURE,"69,050.00",10,"1,900.00",1,"20,000.00",TRUE,0
April,20331ETM,P260300684314,ORISUN RELAXATION CENTER,"67,900.00",10,0,0,"20,000.00",TRUE,0
April,20707XXI,P260300365233,AJETOLA VENTURES,"66,900.00",9,"22,000.00",3,"20,000.00",TRUE,0
April,2070M0KF,P260300724046,SAO ODO ONA 2,"66,700.00",8,0,0,"20,000.00",TRUE,0
April,2070X2SP,P260300807484,Gracious Store,"66,370.00",8,"45,000.00",2,"20,000.00",TRUE,0
April,20331CKZ,P260300684312,FCSC IBADAN,"65,200.00",21,0,0,"20,000.00",TRUE,0
April,2070F7RH,P260300700641,"FUNMURT MULTI PURPOSESTORE","65,050.00",9,"151,000.00",2,"20,000.00",TRUE,0
April,2070FW9F,P260301131924,Al Basit Trading Store,"64,750.00",15,"27,490.00",6,"20,000.00",TRUE,0
April,2070EZZ1,P260300524225,"Ambassador patent and medicineshop","64,600.00",3,"87,729.00",2,"20,000.00",TRUE,0
April,2070V3NV,P260300792122,Al Mustapha ventures,"64,250.00",19,"13,000.00",3,"20,000.00",TRUE,0
April,2070WH8O,P260301132339,Hydrocrown table water,"64,050.00",11,0,0,"20,000.00",TRUE,0
April,2070834K,P260300577462,ADEOLU VENTURES,"64,000.00",10,0,0,"20,000.00",TRUE,0
April,2070923G,P260300064396,AGBEKE BUSINESS VENTURES,"63,800.00",9,"112,800.00",8,"20,000.00",TRUE,0
April,2070FT9S,P260301131391,Al Qidam,"63,650.00",12,"116,060.00",11,"20,000.00",TRUE,0
April,207001DQ,P260301172812,Mummy D and J 2,"62,450.00",18,"80,000.00",1,"20,000.00",TRUE,0
April,20701URH,P260300453544,"HAY KAY MULTIPURPOSEVENTURES","62,400.00",6,"20,600.00",5,"20,000.00",TRUE,0
April,2057YPRD,P260301499951,"IYANIWURA BUSINESSENTERPRISE","61,200.00",12,"61,050.00",2,"20,000.00",TRUE,0
April,2057LR1F,P260301464432,ADEYEMI STORES,"59,850.00",11,"27,100.00",3,"20,000.00",TRUE,0
April,2057MY5H,P260301581389,Tioluwani frozen food,"59,200.00",12,"49,800.00",2,"20,000.00",TRUE,0
April,2033IHAS,P260300180960,Global Vision Agrobiz 2,"57,300.00",12,"144,600.00",3,"20,000.00",TRUE,0
April,2057LP3Y,P260301611884,"YAH LATEEF BUSINESSENTERPRISE","56,600.00",5,"34,000.00",3,"20,000.00",TRUE,0
April,2070EPUO,P260301476947,WURA  ENTERPRISE,"56,200.00",13,"192,000.00",2,"20,000.00",TRUE,0
April,22148SC7,P260301820835,AGBAJE RUKAYAT OMOWUMI,"56,100.00",6,"35,000.00",2,"20,000.00",TRUE,0
April,2070FNTC,P260301504643,MAY 55 GUEST HOUSE,"55,800.00",11,"69,300.00",7,"20,000.00",TRUE,0
April,2033GBWW,P260300180142,Niyasstech ventures,"54,900.00",13,"8,500.00",2,"20,000.00",TRUE,0
April,207009FZ,P260300497484,Alhaqq communications,"54,100.00",2,0,0,"20,000.00",TRUE,0
April,2033TOGC,P260300355512,ALHAQ COMMUNICATIONS,"54,050.00",7,"10,500.00",2,"20,000.00",TRUE,0
April,20703OBZ,P260300565350,OLORI VENTURE,"53,350.00",6,"77,000.00",2,"20,000.00",TRUE,0
April,2070H9DQ,P260300699535,FTA ENTERPRISE,"53,200.00",1,"122,500.00",2,"20,000.00",TRUE,0
April,2070C3YX,P260300615603,EkARUN COMMUNICATIONS,"53,200.00",3,"61,000.00",4,"20,000.00",TRUE,0
April,20700QOG,P260300458298,HASIBUNALLAHU VENTURES,"53,200.00",5,"47,600.00",5,"20,000.00",TRUE,0
April,2070S9FW,P260300653962,"METRO TAVERN HOTEL ANDLOUNGE","52,900.00",12,0,0,"20,000.00",TRUE,0
April,2033PFC7,P260301685656,SHAKEWISE VENTURES,"52,550.00",5,0,0,"20,000.00",TRUE,0
April,2057JEVT,P260301345855,HASBUNALLAHU PRINTING,"52,500.00",7,"73,700.00",4,"20,000.00",TRUE,0
April,2070OSW5,P260300577507,"OMOTADOWA JANET MULTIBIZVENTURE","51,600.00",5,0,0,"20,000.00",TRUE,0
April,2070KOCG,P260301611329,TITO BUSINESS ENTERPRISE,"51,350.00",7,"46,000.00",3,"20,000.00",TRUE,0
April,2057YWOB,P260301166806,TOSA TRADING STORE,"50,100.00",4,"47,000.00",1,"20,000.00",TRUE,0
April,2070X2HC,P260300784145,ALMAD VENTURES,"49,947.00",1,"49,800.00",2,"20,000.00",TRUE,0
April,2070XD5I,P260301131390,OLUWATIMILEHIN VENTURE,"48,400.00",5,0,0,"20,000.00",TRUE,0
April,2070M9GW,P260300610379,SOVIX OLA NIGERIA LIMITED,"47,700.00",10,0,0,"20,000.00",TRUE,0
April,2070QHO2,P260301220169,"DAVERS multipurpose ventures -DAVERS SUPERMARKET","47,320.00",18,0,0,"20,000.00",TRUE,0
April,2070FXQZ,P260301520696,"HERITAGE BUSINESSENTERPRISE","47,300.00",4,"34,120.00",3,"20,000.00",TRUE,0
April,2057BNJJ,P260301350146,RIGHTEOUSS ENTERPRISE,"47,300.00",15,"22,100.00",2,"20,000.00",TRUE,0
April,2070IWQE,P260301560118,BAMIS BUSINESS ENTERPRISE,"47,050.00",5,"25,000.00",1,"20,000.00",TRUE,0
April,2070UJM9,P260301721295,OLAFATHIA VENTURE,"45,700.00",6,"33,007.00",3,"20,000.00",TRUE,0
April,2057AMLZ,P260301271099,OBA S VENTURES,"45,500.00",3,0,0,"20,000.00",TRUE,0
April,2057BTFZ,P260301222723,OPEYEMI VENTURES,"45,450.00",8,"121,300.00",8,"20,000.00",TRUE,0
April,2070IFTD,P260301532177,TTchoyz,"45,100.00",7,"15,100.00",1,"20,000.00",TRUE,0
April,2057CDOF,P260301270621,IREMIDE VENTURES,"44,200.00",9,"6,000.00",4,"20,000.00",TRUE,0
April,2070L2XA,P260300803803,City Bees Limited,"43,800.00",25,0,0,"20,000.00",TRUE,0
April,2057UHML,P260300741770,Hasty gas,"43,150.00",9,0,0,"20,000.00",TRUE,0
April,22149LRU,P260301750699,NOBLE START VENTURE,"42,500.00",7,"20,000.00",3,"20,000.00",TRUE,0
April,2033TKAX,P260301493478,KING ZENITH VENTURES,"42,350.00",5,"33,200.00",4,"20,000.00",TRUE,0
April,2057JV5J,P260301622236,"ALIHAMDULILAHI BUSINESSENTERPRISE","42,200.00",5,"8,000.00",1,"20,000.00",TRUE,0
April,20709OYX,P260300230905,MD ENTERPRISES,"42,000.00",2,"60,000.00",3,"20,000.00",TRUE,0
April,2057UAOI,P260301652760,Provision Suliyat Nurudeen,"41,600.00",13,"88,900.00",2,"20,000.00",TRUE,0
April,2070N873,P260300134591,HIS MERCY GSM CLINIC,"41,600.00",8,"87,000.00",2,"20,000.00",TRUE,0
April,2070J2PW,P260300983543,OLAOLUWA VENTURE,"38,950.00",8,"52,000.00",3,"20,000.00",TRUE,0
April,2070L3BG,P260300856269,Shokunbi Venture,"38,700.00",11,"45,300.00",4,"20,000.00",TRUE,0
April,2057MR9X,P260301611889,"TEE MAMA BUSINESSENTERPRISE","38,600.00",3,"40,000.00",2,"20,000.00",TRUE,0
April,2033ZRQ6,P260300974427,OSO BUSINESS ENTERPRISE,"38,450.00",5,0,0,"20,000.00",TRUE,0
April,2070YP9M,P260301503576,MIDAH STORE,"38,250.00",3,0,0,"20,000.00",TRUE,0
April,2057WYFY,P260301091896,HAND OF GOD ENTERPRISE,"37,800.00",5,"38,000.00",1,"20,000.00",TRUE,0
April,2070OEH9,P260300536902,ANUOLUWAPO BEAUTY SALON,"37,600.00",5,"14,900.00",1,"20,000.00",TRUE,0
April,20339OVH,P260301505558,"ADEFAT BUSINESSENTERPRISE","37,400.00",6,0,0,"20,000.00",TRUE,0
April,207035UU,P260300237931,Al Ayu Al quyum,"37,000.00",3,"47,500.00",5,"20,000.00",TRUE,0
April,2057TOLV,P260301294484,PLEASANT VENTURES,"36,450.00",6,"109,200.00",7,"20,000.00",TRUE,0
April,2057IINC,P260301374881,IDEAL NOBLE VENTURES,"35,850.00",11,"54,700.00",5,"20,000.00",TRUE,0
April,2057JHFP,P260301347149,JESUS REIGN MINI MARKET,"35,800.00",7,"54,200.00",6,"20,000.00",TRUE,0
April,20337TQB,P260300446228,CHRISTLOVE,"35,500.00",3,"41,300.00",3,"20,000.00",TRUE,0
April,2070KSJH,P260301672902,AJOROSUN VENTURE,"35,250.00",4,0,0,"20,000.00",TRUE,0
April,2070EI0W,P260301045589,AL YUSROH,"35,150.00",6,"100,000.00",1,"20,000.00",TRUE,0
April,2057EYEC,P260301296854,BOSAM AGRO ALLIED,"35,050.00",3,0,0,"20,000.00",TRUE,0
April,2033FJNR,P260300159943,FAITH VENTURES,"34,400.00",1,"97,400.00",3,"20,000.00",TRUE,0
April,2057TUOM,P260301195401,QUNFAIYAKUN ENTERPRISE,"34,200.00",6,"39,100.00",3,"20,000.00",TRUE,0
April,20338MVG,P260301172083,ANUOLUWAPO STORES,"33,900.00",10,0,0,"20,000.00",TRUE,0
April,2070QY7C,P260301499475,"GODS GRACE BUSINESSENTERPRISES","32,900.00",6,"1,100.00",1,"20,000.00",TRUE,0
April,2070W3DA,P260300792925,Ruffy Steel Enterprises,"32,900.00",1,0,0,"20,000.00",TRUE,0
April,20701WMD,P260301272224,THE FIRST AND FINAL,"32,700.00",6,"5,300.00",2,"20,000.00",TRUE,0
April,2070CWKB,P260301721296,"FORTUNATE MULTI DYNAMICENTERPRISE","32,650.00",6,"10,000.00",1,"20,000.00",TRUE,0
April,2070LXO5,P260300570270,ROCK VIEW LOUNGE AND BAR,"32,100.00",2,0,0,"20,000.00",TRUE,0
April,2070DNFS,P260301731655,FOLLY K  BUSINESS VENTURE,"32,000.00",9,"5,000.00",1,"20,000.00",TRUE,0
April,2033F6UA,C41P008D01503506,"Rockview beer & wine wholesaledistributor","31,500.00",4,0,0,"20,000.00",TRUE,0
April,2070R7WW,P260301043875,FIFOLU VENTURES,"31,000.00",12,"26,000.00",3,"20,000.00",TRUE,0
April,207054LF,P260300724044,OLAS PEACE 3 VENT 2,"30,600.00",2,"1,830,920.00",4,"20,000.00",TRUE,0
April,2057IPFQ,P260301374100,"OJUOLUWA POS AND GASSTATION","30,300.00",5,"159,000.00",2,"20,000.00",TRUE,0
April,2214UQ0D,C42P008D01605205,MWORLD  VENTURE,"30,150.00",7,0,0,"20,000.00",TRUE,0
April,2033FTCR,P260300492438,HARMONY VENTURES,"29,800.00",5,"41,250.00",3,"20,000.00",TRUE,0
April,20704DAB,P260300616493,MUMMY D AND J VENTURES,"29,600.00",7,"10,500.00",3,"20,000.00",TRUE,0
April,2214JM69,P260301810781,ALABI SABURI,"29,400.00",8,"35,200.00",4,"20,000.00",TRUE,0
April,2057Q2UM,C42P008D01819029,AJAGBE RIDWAN AJIBOLA,"29,100.00",7,"19,100.00",3,"20,000.00",TRUE,0
April,2070HVER,P260301532178,"DE ZION BUSINESSENTERPRISES","29,100.00",10,0,0,"20,000.00",TRUE,0
April,22148B3W,P260300610065,"TOMUP - TOMUP MOKOLARESTAURANT","29,050.00",11,0,0,"20,000.00",TRUE,0
April,2057FCVR,P260301349999,MAMA JAYS  STORE,"28,850.00",7,0,0,"20,000.00",TRUE,0
April,20331NLD,P260301457737,HERY MARVY,"28,450.00",10,0,0,"20,000.00",TRUE,0
April,2070FDHX,P260301485830,LIGHT BUSINESS ENTERPRISE,"28,400.00",5,0,0,"20,000.00",TRUE,0
April,2057OI8E,P260301586100,"CLOVER DEWS FOODS ANDBEVERAGES","28,300.00",5,0,0,"20,000.00",TRUE,0
April,2070M9OO,P260300697242,SOVIX OLA NIGERIA 2,"27,550.00",5,"24,000.00",3,"20,000.00",TRUE,0
April,2057MK4Z,P260301581762,"TITILOPE MEDICINE ANDSUPERMARKET","27,180.00",7,"3,000.00",1,"20,000.00",TRUE,0
April,2070GF7R,P260300784146,IYANUOLUWA STORE,"27,050.00",16,"65,800.00",5,"20,000.00",TRUE,0
April,2070FKYP,P260301166706,GIVETH,"26,700.00",4,"26,000.00",1,"20,000.00",TRUE,0
April,20338OS7,P260300556501,AKINNIYI ENTERPRISE,"26,600.00",4,"66,200.00",2,"20,000.00",TRUE,0
April,221401FW,P260301724734,BOLA BUSINESS ENTERPRISES,"26,400.00",6,"17,700.00",2,"20,000.00",TRUE,0
April,2057INSG,P260301222519,ACE ARCADE ISEYIN,"26,000.00",17,0,0,"20,000.00",TRUE,0
April,2057EMZA,P260300317848,Tokhazum ventures,"25,750.00",13,0,0,"20,000.00",TRUE,0
April,2057ZAER,P260301648366,"TEMMYTEE BUSINESSENTERPRISE","25,200.00",3,0,0,"20,000.00",TRUE,0
April,22148VGT,C41P008D01507272,"GOODNEWS BUSINESSENTERPRISE","24,350.00",5,"46,000.00",3,"20,000.00",TRUE,0
April,2057FPUO,P260301288876,AL  AMEEN VENTURES,"23,800.00",8,"3,000.00",2,"20,000.00",TRUE,0
April,2033A1JY,P260301219587,EKUNDAYO VENTURES,"23,700.00",5,"52,200.00",4,"20,000.00",TRUE,0
April,2214FF8I,C42P008D01610601,"EJIDIRAN OLUWAFUNMILAYOADEOLA","23,200.00",3,"11,100.00",2,"20,000.00",TRUE,0
April,2033KRA4,P260301192923,PERFICIENT VENTURES 2,"22,900.00",7,"2,800.00",2,"20,000.00",TRUE,0
April,2070JMFW,P260301560116,Tobiloba business enterprises,"22,400.00",3,"43,300.00",3,"20,000.00",TRUE,0
April,2070UKF7,P260301336345,ZOE SERVICES 2,"21,350.00",5,"19,600.00",1,"20,000.00",TRUE,0
April,2033ZIUF,P260300453911,DAN KENNY NIGERIA LIMITED,"21,100.00",2,"90,260.00",2,"20,000.00",TRUE,0
April,2214KYB5,P260301761108,ajayi nafisat yetunde,"20,000.00",2,"60,000.00",1,"20,000.00",TRUE,0
April,20704PGR,P260300317841,"BAGBANSORO BUSINESSVENTURES","20,000.00",1,"39,900.00",1,"20,000.00",TRUE,0
April,2070FAHB,P260301475752,Oluwatoyin enterprise,"20,000.00",1,0,0,"20,000.00",TRUE,0
April,2214QA8C,P260301758728,Light and mercy venture,"20,000.00",1,0,0,"20,000.00",TRUE,0
April,2057HJWQ,P260301679899,ORPZY CONFECTIONERY,"19,800.00",3,0,0,"20,000.00",FALSE,0
April,2033Y11U,P260301204059,GOD FIRST VENTURE,"19,650.00",5,"32,200.00",3,"20,000.00",FALSE,0
April,2057UZXO,P260301195402,EASY BARBING VENTURE,"19,400.00",6,"20,000.00",2,"20,000.00",FALSE,0
April,2033OZQK,P260301819425,"ADERINTO ABIDEMIOLUWASEUN","19,400.00",6,0,0,"20,000.00",FALSE,0
April,2057UWTR,C42P008D01947116,ILESANMI TOYIN ESTHER,"19,400.00",5,0,0,"20,000.00",FALSE,0
April,20337WKH,P260301180775,Jamal Venture,"19,150.00",1,"484,800.00",4,"20,000.00",FALSE,0
April,20335CYS,P260300856532,Emmanuel Venture,"18,350.00",5,"30,750.00",3,"20,000.00",FALSE,0
April,2070VN9K,P260301122775,ARKYAT NIG ENT,"18,300.00",4,0,0,"20,000.00",FALSE,0
April,2033D2JW,P260301492429,"ALLAHULATEEF BUSINESSENTERPRISE","18,000.00",3,"34,400.00",2,"20,000.00",FALSE,0
April,20337TD5,P260301651843,ALAAYO VENTURE,"17,500.00",2,"3,200.00",3,"20,000.00",FALSE,0
April,22140J9A,P260301274149,"TOMUP - TOMUP IWO ROADRESTAURANT","17,500.00",3,0,0,"20,000.00",FALSE,0
April,2070G1UO,P260300975822,AYOMIDE ENTERPRISE,"17,400.00",5,0,0,"20,000.00",FALSE,0
April,2033ORRH,P260300446354,BIOGATE VENTURE,"17,200.00",4,"5,000.00",1,"20,000.00",FALSE,0
April,2057XEOX,P260300976749,Allahu Lateef,"16,800.00",9,"156,400.00",2,"20,000.00",FALSE,0
April,2214P0CC,C41P008D01507264,FF ENTERPRISE,"16,600.00",4,0,0,"20,000.00",FALSE,0
April,221458VG,P260301770653,Motolani Venture,"16,500.00",3,0,0,"20,000.00",FALSE,0
April,2070EHWS,P260301485661,"LINCOLN BUSINESSENTERPRISE","16,400.00",5,0,0,"20,000.00",FALSE,0
April,20704YWE,P260300507843,FOLOHUNSHO ENTERPRISE,"16,150.00",5,"20,000.00",2,"20,000.00",FALSE,0
April,2070IOWK,P260301557466,TAK SUITE AND HOTEL,"15,900.00",8,0,0,"20,000.00",FALSE,0
April,2033OOCI,P260300974428,"OPEYEMI BUSINESSVENTURES","15,700.00",3,"19,000.00",4,"20,000.00",FALSE,0
April,2057YOQK,P260301581388,G and C ventures supermarket,"15,400.00",4,0,0,"20,000.00",FALSE,0
April,2057GZYB,P260301352810,IKEOLUWA MEDICINE STORES,"15,100.00",3,0,0,"20,000.00",FALSE,0
April,2057TLRB,P260300741771,Hannys store,"15,100.00",3,0,0,"20,000.00",FALSE,0
April,22145TA6,P260301820833,IDOWU GBOLAHAN USMAN,"14,300.00",2,"10,000.00",1,"20,000.00",FALSE,0
April,2033FTPS,P260300525109,PRINCESS KITCHEN,"13,400.00",5,0,0,"20,000.00",FALSE,0
April,2070ERZB,P260301475753,Adonai Grace tech 2,"13,300.00",3,"7,000.00",1,"20,000.00",FALSE,0
April,2070FXMC,P260301520695,"AMBA AMBA GLOBALRESOURCES","13,250.00",2,"72,170.00",1,"20,000.00",FALSE,0
April,2070WSX9,P260300523566,MHIZS EFUNTECH VENTURES,"13,200.00",4,0,0,"20,000.00",FALSE,0
April,2070627S,P260301485664,MOKOLA CARL CARE OFFICE,"13,100.00",2,0,0,"20,000.00",FALSE,0
April,20700PTF,P260300458299,CROWN INVESTMENT,"12,300.00",2,"11,450.00",2,"20,000.00",FALSE,0
April,2070HNTQ,P260301530725,EWALASHA,"12,100.00",2,0,0,"20,000.00",FALSE,0
April,2070CPV3,P260300599575,"CROWN INVESTMENTENTERPRISES","12,000.00",3,"220,150.00",11,"20,000.00",FALSE,0
April,20709DAD,P260301728806,"Royalemaytitconcept - OMOALHAJA VENTURES","11,800.00",5,"61,600.00",3,"20,000.00",FALSE,0
April,2033D5VU,P260301493600,"DELIGHTS BUSINESSENTERPRISE","11,100.00",3,"10,980.00",2,"20,000.00",FALSE,0
April,2057TOTP,P260300806476,Ti Oluwa Ni Ventures,"10,700.00",4,"3,800.00",2,"20,000.00",FALSE,0
April,2070Q2JO,P260300779721,BT VENTURES,"10,700.00",5,"1,000.00",1,"20,000.00",FALSE,0
April,22145GKE,P260301820834,"OKUNADE OYINADEOLUWABUNMI","10,300.00",1,0,0,"20,000.00",FALSE,0
April,2057JFDO,P260301374880,NICHORL TECH,"10,200.00",3,"5,000.00",1,"20,000.00",FALSE,0
April,20704GKM,P260301586108,OVERFLOW VENTURES,"10,200.00",1,0,0,"20,000.00",FALSE,0
April,2070GO1F,P260301728807,"Royalemaytitconcept - K SVENTURE 1","10,000.00",1,"9,950.00",1,"20,000.00",FALSE,0
April,2070PJJ2,P260301302588,GBEMLAD VENTURE,"10,000.00",1,0,0,"20,000.00",FALSE,0
April,2070FS8Y,P260301351892,"ACE OSOGBO SUPERMARKET3","9,690.00",2,0,0,"20,000.00",FALSE,0
April,20331SEF,P260301116851,Glory image,"8,500.00",3,0,0,"20,000.00",FALSE,0
April,2033FSUV,P260301606845,Baruwa business enterprises 2,"8,300.00",4,0,0,"20,000.00",FALSE,0
April,2033GDOU,P260300159183,"JENROLADECARES FASHIONSTORES","7,800.00",1,"7,800.00",1,"20,000.00",FALSE,0
April,2070VN9D,P260301078425,AY VENTURE,"7,600.00",2,"38,800.00",4,"20,000.00",FALSE,0
April,2070HBMU,P260301022326,VANTAGE POINT ENTERPRISE,"7,300.00",2,0,0,"20,000.00",FALSE,0
April,2070IF9R,P260300779193,WUMMINE VENTURE,"7,200.00",2,"209,500.00",3,"20,000.00",FALSE,0
April,2070RXI9,P260301349567,WINE SPOT,"7,200.00",4,0,0,"20,000.00",FALSE,0
April,22145V8Q,P260301761110,SMARTAB SUPERMARKET,"6,550.00",3,0,0,"20,000.00",FALSE,0
April,2214IA5J,P260301724732,"ADEYEMI ABIMBOLAMORENIKE","6,100.00",2,"2,000.00",1,"20,000.00",FALSE,0
April,20709I2I,P260300555916,"Bj Exclusive Duo Wears - BJVENTURES 2","6,000.00",1,0,0,"20,000.00",FALSE,0
April,2057MA6F,P260301637068,TASTY MOBILE KITCHEN,"6,000.00",2,0,0,"20,000.00",FALSE,0
April,20337RM1,P260300317842,HAPPINESS MEDICAL CENTRE,"5,500.00",2,"12,700.00",1,"20,000.00",FALSE,0
April,2070KQJD,P260301640957,DOMSIS CANTEEN,"5,460.00",4,0,0,"20,000.00",FALSE,0
April,2057URKH,P260301172668,Adun Ade Mini Mart,"5,150.00",1,0,0,"20,000.00",FALSE,0
April,2214NP78,P260301758727,"ABIDEEN BUSINESSENTERPRISE","5,100.00",1,"5,000.00",1,"20,000.00",FALSE,0
April,2214WORF,P260301813627,TAJUDEEN OMOLARA BISOLA,"5,000.00",1,0,0,"20,000.00",FALSE,0
April,2070KLFZ,P260301642790,"ASSALAM BUSINESSENTERPRISE","4,600.00",1,"11,300.00",1,"20,000.00",FALSE,0
April,2057LD6A,P260301820836,OLAIYA OLAIDE ALAO,"4,200.00",1,"3,200.00",1,"20,000.00",FALSE,0
April,2070COWY,P260301699970,"ANIKE BUSINESSENTERPRISES","4,000.00",1,"12,000.00",1,"20,000.00",FALSE,0
April,2070MJX7,C41P008D01503511,Ayoola business enterprises,"3,500.00",1,0,0,"20,000.00",FALSE,0
April,2057WXPS,P260301163537,BIMSEADELIGHT,"3,100.00",1,0,0,"20,000.00",FALSE,0
April,2033ZSQD,P260301262674,TOBI STORE,"3,000.00",1,0,0,"20,000.00",FALSE,0
April,2070LLRE,P260301626008,"SR MORE WEALTH AND DAILYCONTRIBUTION AND MULTIPURPOSE","2,200.00",1,0,0,"20,000.00",FALSE,0
April,2214Q560,P260301759150,HEMKAY VENTURE,"2,100.00",2,0,0,"20,000.00",FALSE,0
April,2070FP8A,P260301672903,DPRINCE GAS,"2,000.00",1,"5,800.00",4,"20,000.00",FALSE,0
April,2070CQQ3,P260301526213,PROVIDENCE KUTZ SALON,"1,100.00",1,0,0,"20,000.00",FALSE,0
April,2057P2PW,C42P008D01811482,Ogo oluwa business concept,"1,050.00",2,450,1,"20,000.00",FALSE,0
April,2033TCYJ,P260300362434,"PRAISE AND SHALOMVENTURES","1,000.00",1,"9,200.00",3,"20,000.00",FALSE,0
April,2057XLME,P260301092393,I show Gadgets - I show Gadgets,0,0,"175,000.00",3,"20,000.00",FALSE,1
April,2057BCOX,P260301266785,I B OLOHUNWA VENTURES 1,0,0,"120,100.00",2,"20,000.00",FALSE,1
April,2070ADTQ,P260301374738,ORIRE G MULTI VENTURES,0,0,"100,000.00",1,"20,000.00",FALSE,3
April,2070RCI5,P260300570271,OMOOLA GROW GREAT,0,0,"50,000.00",2,"20,000.00",FALSE,3
April,2070AKUL,P260301460488,Adelove,0,0,"41,850.00",2,"20,000.00",FALSE,1
April,2070BOJT,P260300328370,LADY B  ENTERPRISE,0,0,"28,900.00",1,"20,000.00",FALSE,1
April,2057CCQR,P260301270949,AR RAHMAN VENTURES,0,0,"2,500.00",1,"20,000.00",FALSE,1
April,2070Y9PD,P260300353220,FIT PRIZE,0,0,"2,190.00",1,"20,000.00",FALSE,2
April,2057YPWX,P260301169029,Pluckys Cake n More,0,0,"1,800.00",1,"20,000.00",FALSE,1
April,20709VQM,P260301220160,"WEELDROP LOGISTICS AKOBO4",0,0,0,0,"20,000.00",FALSE,10
April,20574TWK,P260300312383,ROFCOOL VENTURES,0,0,0,0,"20,000.00",FALSE,2
April,2057PT1J,P260301586101,"DVS RELIABLE SOLARCONSULT",0,0,0,0,"20,000.00",FALSE,2
April,2070EZZQ,P260301485833,LARADIRE ENTERPRISESS,0,0,0,0,"20,000.00",FALSE,2
April,2070L3TZ,P260301616701,ABDULL MUHSEN,0,0,0,0,"20,000.00",FALSE,74
April,2057JTBQ,P260301350145,"JELILI ADEBAYO NIGENTERPRISES 2",0,0,0,0,"20,000.00",FALSE,1
April,2070YL4B,P260301493601,OLUWAGBEMIGA STORE,0,0,0,0,"20,000.00",FALSE,1
April,2070UF5U,P260301345856,ADESHINA ENTERPRISE,0,0,0,0,"20,000.00",FALSE,68
April,2057ICSM,P260301464217,YAH LATEEF STORE 2,0,0,0,0,"20,000.00",FALSE,1
April,2070AGJP,P260301351894,OLUYOLE CHICKEN EXPRESS 2,0,0,0,0,"20,000.00",FALSE,_
April,2070KEGS,P260301606853,"AVIES GOLDEN STORECONCEPT",0,0,0,0,"20,000.00",FALSE,2
April,2057IFAE,P260301216386,"MORE BLESSINGS NIGENTERPRISESS",0,0,0,0,"20,000.00",FALSE,7
April,2057JTVS,P260301218225,OLUWOLE AND CO,0,0,0,0,"20,000.00",FALSE,8
April,2057ILQE,P260301374546,Allahu lateef ventures,0,0,0,0,"20,000.00",FALSE,1
April,2070LD7L,P260301499476,"BECKY BUSINESSENTERPRISES",0,0,0,0,"20,000.00",FALSE,9
April,2070ADLL,P260301217282,ISIHAK VENTURES,0,0,0,0,"20,000.00",FALSE,13
April,2070AWTP,P260301216987,THRONE OF GRACE SCHOOL,0,0,0,0,"20,000.00",FALSE,15
April,2070ULB2,P260300018111,BELTHEL VENTURES,0,0,0,0,"20,000.00",FALSE,22
April,2057AFZG,P260301268550,EASY BITE EATERY,0,0,0,0,"20,000.00",FALSE,1
April,2057ALZL,P260301272950,DIAMOND VENTURES,0,0,0,0,"20,000.00",FALSE,65
April,2070IVHJ,P260300329345,Olas peace diamond company 3,0,0,0,0,"20,000.00",FALSE,4
April,2070HFLR,P260301637069,TOFUNTOM,0,0,0,0,"20,000.00",FALSE,1
April,2033A1KT,P260301219478,WEELDROP LOGISTICS GATE 1,0,0,0,0,"20,000.00",FALSE,25
April,2057JW8O,P260301637067,"JOHNSONS  BUSINESSENTERPRISE",0,0,0,0,"20,000.00",FALSE,5
April,20337VMT,P260301813626,JEGZY PRODUCTION,0,0,0,0,"20,000.00",FALSE,4
April,20338KGO,P260301750698,"MAYROYAL GLOBALVENTURES",0,0,0,0,"20,000.00",FALSE,1
April,2070LNF7,P260301679897,TRENDY TOFFY WORLD 2,0,0,0,0,"20,000.00",FALSE,2
April,2070EDIS,P260301476946,"OLUWAJOMILOJU BUSINESSENTERPRISE",0,0,0,0,"20,000.00",FALSE,1
April,2057YRBD,P260301168656,Ace Plumbing,0,0,0,0,"20,000.00",FALSE,4
April,2057OH4A,P260301586102,BEVERAGE RETAILER,0,0,0,0,"20,000.00",FALSE,10
April,2070GR9Z,P260301119885,Monyashau Venture,0,0,0,0,"20,000.00",FALSE,6
April,2070CW4U,P260301122263,"OLUYORO CATHOLICHOSPITAL OKE OFA CASH REG",0,0,0,0,"20,000.00",FALSE,1
April,2070DW4F,P260301122262,"OLUYORO CATHOLICHOSPITAL OKE OFA PRIVATE",0,0,0,0,"20,000.00",FALSE,1
April,2070IW5V,P260301083330,SAO OLD IFE ROAD 2,0,0,0,0,"20,000.00",FALSE,7
April,2070IU5V,P260301083332,SAO IWO ROAD 2,0,0,0,0,"20,000.00",FALSE,3
April,2070IY5P,P260301083333,SAO DANDARU 2,0,0,0,0,"20,000.00",FALSE,5
April,2070TZ5H,P260301086132,SAO RINGROAD 2,0,0,0,0,"20,000.00",FALSE,13
April,2057XELD,P260301086359,"STARLIGHT EVENT ANDRELAXATION CENTRE",0,0,0,0,"20,000.00",FALSE,1
April,2057XWIH,P260301048461,TRIPPLE A VENTURE,0,0,0,0,"20,000.00",FALSE,22
April,2070GJTV,P260301500534,Estojay justwaters,0,0,0,0,"20,000.00",FALSE,3
April,2070411G,P260301326763,Toyjok Global ventures,0,0,0,0,"20,000.00",FALSE,0
April,2070JH3T,P260300975839,"STARS COMPREHENSIVECOLLEGE",0,0,0,0,"20,000.00",FALSE,15
April,2070E4EJ,P260300983545,"TOLUWALASE GLOBALCONCEPT 3",0,0,0,0,"20,000.00",FALSE,1
April,20337SK1,P260300856605,ASHAKE STORE,0,0,0,0,"20,000.00",FALSE,1
April,2033YXVW,P260300983544,"AL BARKAH MONTESSORISTANDARD SCH",0,0,0,0,"20,000.00",FALSE,9
April,2057TXGQ,P260300778516,Adewumi Medicine Store,0,0,0,0,"20,000.00",FALSE,0
April,20705OPR,P260300724662,AYABA FOODCO,0,0,0,0,"20,000.00",FALSE,1
April,22141Y58,P260301171374,TOMUP - TOMUP SALON,0,0,0,0,"20,000.00",FALSE,27
April,20709VEO,P260300724661,"WEELDROP LOGISTICSBREWERY 4",0,0,0,0,"20,000.00",FALSE,75
April,2070GFCU,P260301492421,ola mummy pos venture,0,0,0,0,"20,000.00",FALSE,2
April,2070D8XW,P260300263878,SHOKEM VARIETY STORE,0,0,0,0,"20,000.00",FALSE,2
April,2070V3XB,P260300700717,"BOVAS & COMPANY LIMITED -BOVAS AND COMPANY ADO 2",0,0,0,0,"20,000.00",FALSE,1
April,2070M9PG,P260300700706,"BOVAS & COMPANY LIMITED -BOVAS AND COMPANY oshogbo4 LPG",0,0,0,0,"20,000.00",FALSE,6
April,2070W8LC,P260300699526,SAO OKE ADO 5,0,0,0,0,"20,000.00",FALSE,11
April,22145D2A,P260301086357,"ZINACHUKWU BUSINESSENTERPRISE",0,0,0,0,"20,000.00",FALSE,1
April,2033PBIC,P260301705934,PHURSTLADY,0,0,0,0,"20,000.00",FALSE,1
April,2070C9PW,P260300137405,TASKA FILLING STATION 5,0,0,0,0,"20,000.00",FALSE,3
April,22140JJE,P260301560117,"MUMMY ARAMIDE BUSINESSENTERPRISE",0,0,0,0,"20,000.00",FALSE,2
April,20331OTM,P260300691048,"COUNTRY KITCHEN PALMSMALL IBADAN 2",0,0,0,0,"20,000.00",FALSE,1
April,20331IPJ,P260300693129,"WEELDROP LOGISTICSOLAOGUN 1",0,0,0,0,"20,000.00",FALSE,26
April,2070BYTP,C42P008D01605202,Al Ahad medicine store 2,0,0,0,0,"20,000.00",FALSE,_
April,2070W0GQ,P260300668431,AYOMIDE ENTERPRISE,0,0,0,0,"20,000.00",FALSE,2
April,2070M0LS,P260300547971,SAO IDI APE 2,0,0,0,0,"20,000.00",FALSE,130
April,2070M0GG,P260300669360,SAO OKE ADO 2,0,0,0,0,"20,000.00",FALSE,28
April,2070M8AD,P260300651117,KANISURU TRADING STORE,0,0,0,0,"20,000.00",FALSE,5
April,2070D9CU,P260300417382,"CONOIL SERVICE STATIONCOMMERCIAL ROAD APAPA",0,0,0,0,"20,000.00",FALSE,9
April,2070G8GF,P260300645863,RONIKOM INVESTMENT LTD,0,0,0,0,"20,000.00",FALSE,24
April,20335BDL,P260300856531,LYFAFUM NIG ENTERPRISE,0,0,0,0,"20,000.00",FALSE,3
April,2057LN0U,P260301555067,Zayyanu guy ZEZI POS,0,0,0,0,"20,000.00",FALSE,1
April,2070EBZ3,P260301298525,"FRIENDLY TOP FILLINGSTATION MOLETE",0,0,0,0,"20,000.00",FALSE,3
April,2033TWXB,P260300613810,WHITEDOVE HOTEL,0,0,0,0,"20,000.00",FALSE,78
April,2057NP1Q,P260301303199,LORD FAVOUR STORE,0,0,0,0,"20,000.00",FALSE,2
April,20338PK7,P260300556163,OLUWASEGUN VENTURES,0,0,0,0,"20,000.00",FALSE,69
April,2070HCFJ,P260301532176,DORKYOLOYE,0,0,0,0,"20,000.00",FALSE,1
April,20700ZPN,P260300453969,ADETOSS VENTURES,0,0,0,0,"20,000.00",FALSE,2
April,207047RA,P260300446351,DISCOVERY GROUP LTD,0,0,0,0,"20,000.00",FALSE,4
April,2057HWJT,P260301163624,KAREN EXPLORE VENTURES 2,0,0,0,0,"20,000.00",FALSE,107
April,2070JYSQ,P260301576340,"HARPS INTEGRATEDSERVICES",0,0,0,0,"20,000.00",FALSE,1
April,20575OST,P260300312375,TEMI VENTURES,0,0,0,0,"20,000.00",FALSE,23
April,2070DB9P,P260300992586,FOODCO NIG ABEOKUTA 2,0,0,0,0,"20,000.00",FALSE,1
April,2214K13U,P260301761109,"AFOLABI RIDWANOLANREWAJU",0,0,0,0,"20,000.00",FALSE,2
April,2057LD4B,P260301584206,SARO LOUNGE AND SUITE,0,0,0,0,"20,000.00",FALSE,2
April,20705RLN,P260301471670,"Bj Exclusive Duo Wears - BJVENTURE",0,0,0,0,"20,000.00",FALSE,1
April,20709CZH,P260300570747,"ADEOMO MOBILENETWORKING ENTERPRISE",0,0,0,0,"20,000.00",FALSE,2
April,2214C8AB,P260301758726,OLAOMI JOHN,0,0,0,0,"20,000.00",FALSE,5
April,221409IG,C42P008D01610605,TEE CASH ENTERPRISE,0,0,0,0,"20,000.00",FALSE,_
April,2033JAAR,P260301165316,ABODS VENTURES 2,0,0,0,0,"20,000.00",FALSE,1
April,2033INPI,P260300195701,Perfect multi-ventures 2,0,0,0,0,"20,000.00",FALSE,1
April,2033ILFN,P260301652769,HMM VENTURES LIMITED,0,0,0,0,"20,000.00",FALSE,1
April,2033ILBT,P260300195696,Adebukola ventures,0,0,0,0,"20,000.00",FALSE,8
April,2057DNHG,P260300239751,PERFECT MULTI VENTURES,0,0,0,0,"20,000.00",FALSE,1
April,207083VP,P260300502750,BECKY COMMUNICATION,0,0,0,0,"20,000.00",FALSE,9
April,207094GQ,P260300645860,BARMIE ENTERPRISE,0,0,0,0,"20,000.00",FALSE,13
April,2070N526,P260301168982,A&B CONSULTING SERVICES,0,0,0,0,"20,000.00",FALSE,8
April,2033THBW,P260300249433,GOD'S OWN VENTURES,0,0,0,0,"20,000.00",FALSE,70
April,2070L183,P260300159187,SMATECH VENTURES 2,0,0,0,0,"20,000.00",FALSE,2
April,22140RUD,P260301819434,ABUDU ABIOLA ADEBIMPE,0,0,0,0,"20,000.00",FALSE,_
April,2033LZL8,P260301812617,"ADEYEYE TAIWO OLUWATOYINOLUWATOYIN",0,0,0,0,"20,000.00",FALSE,_
April,207029HX,P260300078428,ADEIIFE BUSINESS VENTURES,0,0,0,0,"20,000.00",FALSE,1
April,2057IRVQ,P260301374725,Olas Peace Diamond 2,0,0,0,0,"20,000.00",FALSE,1
April,2214MWM2,C42P008D01605201,ALUGBIN MARY DOYINSOLA,0,0,0,0,"20,000.00",FALSE,_
April,2057O4OA,P260301812600,nureni qudus olalekan,0,0,0,0,"20,000.00",FALSE,_
April,2070BLQD,P260300509181,FINGER OF GRACE VENTURES,0,0,0,0,"20,000.00",FALSE,288
April,2057O5YH,C42P008D01819022,EGUAOJE JAMES OJE,0,0,0,0,"20,000.00",FALSE,_
April,2057N6UI,P260301812608,SAKA SIKIRU YUSUF,0,0,0,0,"20,000.00",FALSE,_
April,2070DG9U,P260300974655,FOODCO NIG APATA 2,0,0,0,0,"20,000.00",FALSE,6
April,20338KNU,P260301166705,Anuoluwapo POS,0,0,0,0,"20,000.00",FALSE,65
,,,,,,,,,,
,,,,,,,,,,
,,,,,,,,,,
,,,,,,,,,,
,,,,,,,,,,
,,,,,,,,,,
,,,,,,,,,,
,,,,,,,,,,
,,,,,,,,,,
,,,,,,,,,,
,,,,,,,,,,
,,,,,,,,,,
,,,,,,,,,,
,,,,,,,,,,
,,,,,,,,,,
,,,,,,,,,,
,,,,,,,,,,
,,,,,,,,,,
,,,,,,,,,,
,,,,,,,,,,
,,,,,,,,,,
,,,,,,,,,,
,,,,,,,,,,
,,,,,,,,,,
,,,,,,,,,,
,,,,,,,,,,
,,,,,,,,,,
,,,,,,,,,,
,,,,,,,,,,
,,,,,,,,,,
,,,,,,,,,,
,,,,,,,,,,
,,,,,,,,,,
,,,,,,,,,,
,,,,,,,,,,
,,,,,,,,,,
,,,,,,,,,,
,,,,,,,,,,
,,,,,,,,,,
,,,,,,,,,,
,,,,,,,,,,
,,,,,,,,,,
,,,,,,,,,,
,,,,,,,,,,
,,,,,,,,,,
,,,,,,,,,,
,,,,,,,,,,
,,,,,,,,,,
,,,,,,,,,,
,,,,,,,,,,
,,,,,,,,,,
,,,,,,,,,,
,,,,,,,,,,
,,,,,,,,,,
,,,,,,,,,,
,,,,,,,,,,
,,,,,,,,,,
,,,,,,,,,,
,,,,,,,,,,
,,,,,,,,,,
,,,,,,,,,,
,,,,,,,,,,
,,,,,,,,,,
,,,,,,,,,,
,,,,,,,,,,
,,,,,,,,,,
,,,,,,,,,,
,,,,,,,,,,
,,,,,,,,,,
,,,,,,,,,,
,,,,,,,,,,
,,,,,,,,,,
,,,,,,,,,,
,,,,,,,,,,
,,,,,,,,,,
,,,,,,,,,,
,,,,,,,,,,
,,,,,,,,,,
,,,,,,,,,,
,,,,,,,,,,
,,,,,,,,,,
,,,,,,,,,,
,,,,,,,,,,
,,,,,,,,,,
,,,,,,,,,,
,,,,,,,,,,
,,,,,,,,,,
,,,,,,,,,,
,,,,,,,,,,
,,,,,,,,,,
,,,,,,,,,,
,,,,,,,,,,
,,,,,,,,,,
,,,,,,,,,,
,,,,,,,,,,
,,,,,,,,,,
,,,,,,,,,,
,,,,,,,,,,
,,,,,,,,,,
,,,,,,,,,,
,,,,,,,,,,
,,,,,,,,,,
,,,,,,,,,,
,,,,,,,,,,
,,,,,,,,,,
,,,,,,,,,,
,,,,,,,,,,
,,,,,,,,,,
,,,,,,,,,,
,,,,,,,,,,
,,,,,,,,,,
,,,,,,,,,,
,,,,,,,,,,
,,,,,,,,,,
,,,,,,,,,,
,,,,,,,,,,
,,,,,,,,,,
,,,,,,,,,,
,,,,,,,,,,
,,,,,,,,,,
,,,,,,,,,,
,,,,,,,,,,
,,,,,,,,,,
,,,,,,,,,,
,,,,,,,,,,
,,,,,,,,,,
,,,,,,,,,,
,,,,,,,,,,
,,,,,,,,,,
,,,,,,,,,,
,,,,,,,,,,
,,,,,,,,,,
,,,,,,,,,,
,,,,,,,,,,
,,,,,,,,,,
,,,,,,,,,,
,,,,,,,,,,
,,,,,,,,,,
,,,,,,,,,,
,,,,,,,,,,
,,,,,,,,,,
,,,,,,,,,,
,,,,,,,,,,
,,,,,,,,,,
,,,,,,,,,,
,,,,,,,,,,
,,,,,,,,,,
,,,,,,,,,,
,,,,,,,,,,
,,,,,,,,,,
,,,,,,,,,,
,,,,,,,,,,
,,,,,,,,,,
,,,,,,,,,,
,,,,,,,,,,
,,,,,,,,,,
,,,,,,,,,,
,,,,,,,,,,
,,,,,,,,,,
,,,,,,,,,,
,,,,,,,,,,
,,,,,,,,,,
,,,,,,,,,,
,,,,,,,,,,
,,,,,,,,,,
,,,,,,,,,,
,,,,,,,,,,
,,,,,,,,,,
,,,,,,,,,,
,,,,,,,,,,
,,,,,,,,,,
,,,,,,,,,,
,,,,,,,,,,
,,,,,,,,,,
,,,,,,,,,,
,,,,,,,,,,
,,,,,,,,,,
,,,,,,,,,,
,,,,,,,,,,
,,,,,,,,,,
,,,,,,,,,,
,,,,,,,,,,
,,,,,,,,,,
,,,,,,,,,,
,,,,,,,,,,
,,,,,,,,,,
,,,,,,,,,,
,,,,,,,,,,
,,,,,,,,,,
,,,,,,,,,,
,,,,,,,,,,
,,,,,,,,,,
,,,,,,,,,,
,,,,,,,,,,
,,,,,,,,,,
,,,,,,,,,,
,,,,,,,,,,
,,,,,,,,,,
,,,,,,,,,,
,,,,,,,,,,
,,,,,,,,,,
,,,,,,,,,,
,,,,,,,,,,
,,,,,,,,,,
,,,,,,,,,,
,,,,,,,,,,
,,,,,,,,,,
,,,,,,,,,,
,,,,,,,,,,
,,,,,,,,,,
,,,,,,,,,,
,,,,,,,,,,
,,,,,,,,,,
,,,,,,,,,,
,,,,,,,,,,
,,,,,,,,,,
,,,,,,,,,,
,,,,,,,,,,
,,,,,,,,,,
,,,,,,,,,,
,,,,,,,,,,
,,,,,,,,,,
,,,,,,,,,,
,,,,,,,,,,
,,,,,,,,,,
,,,,,,,,,,
,,,,,,,,,,
,,,,,,,,,,
,,,,,,,,,,
,,,,,,,,,,
,,,,,,,,,,
,,,,,,,,,,
,,,,,,,,,,
,,,,,,,,,,
,,,,,,,,,,
,,,,,,,,,,
,,,,,,,,,,
,,,,,,,,,,
,,,,,,,,,,
,,,,,,,,,,
,,,,,,,,,,
,,,,,,,,,,
,,,,,,,,,,
,,,,,,,,,,
,,,,,,,,,,
,,,,,,,,,,
,,,,,,,,,,
,,,,,,,,,,
,,,,,,,,,,
,,,,,,,,,,
,,,,,,,,,,
,,,,,,,,,,
,,,,,,,,,,
,,,,,,,,,,
,,,,,,,,,,
,,,,,,,,,,
,,,,,,,,,,
,,,,,,,,,,
,,,,,,,,,,
,,,,,,,,,,
,,,,,,,,,,
,,,,,,,,,,
,,,,,,,,,,
,,,,,,,,,,
,,,,,,,,,,
,,,,,,,,,,
,,,,,,,,,,
,,,,,,,,,,
,,,,,,,,,,
,,,,,,,,,,
,,,,,,,,,,
,,,,,,,,,,
,,,,,,,,,,
,,,,,,,,,,
,,,,,,,,,,
,,,,,,,,,,
,,,,,,,,,,
,,,,,,,,,,
,,,,,,,,,,
,,,,,,,,,,
,,,,,,,,,,
,,,,,,,,,,
,,,,,,,,,,
,,,,,,,,,,
,,,,,,,,,,
,,,,,,,,,,
,,,,,,,,,,
,,,,,,,,,,
,,,,,,,,,,
,,,,,,,,,,
,,,,,,,,,,
,,,,,,,,,,
,,,,,,,,,,
,,,,,,,,,,
,,,,,,,,,,
,,,,,,,,,,
,,,,,,,,,,
,,,,,,,,,,
,,,,,,,,,,
,,,,,,,,,,
,,,,,,,,,,
,,,,,,,,,,
,,,,,,,,,,
,,,,,,,,,,
,,,,,,,,,,
,,,,,,,,,,
,,,,,,,,,,
,,,,,,,,,,
,,,,,,,,,,
,,,,,,,,,,
,,,,,,,,,,
,,,,,,,,,,
,,,,,,,,,,
,,,,,,,,,,
,,,,,,,,,,
,,,,,,,,,,
,,,,,,,,,,
,,,,,,,,,,
,,,,,,,,,,
,,,,,,,,,,
,,,,,,,,,,
,,,,,,,,,,
,,,,,,,,,,
,,,,,,,,,,
,,,,,,,,,,
,,,,,,,,,,
,,,,,,,,,,
,,,,,,,,,,
,,,,,,,,,,
,,,,,,,,,,
,,,,,,,,,,
,,,,,,,,,,
,,,,,,,,,,
,,,,,,,,,,
,,,,,,,,,,
,,,,,,,,,,
,,,,,,,,,,
,,,,,,,,,,
,,,,,,,,,,
,,,,,,,,,,
,,,,,,,,,,
,,,,,,,,,,
,,,,,,,,,,
,,,,,,,,,,
,,,,,,,,,,
,,,,,,,,,,
,,,,,,,,,,
,,,,,,,,,,
,,,,,,,,,,
,,,,,,,,,,
,,,,,,,,,,
,,,,,,,,,,
,,,,,,,,,,
,,,,,,,,,,
,,,,,,,,,,
,,,,,,,,,,
,,,,,,,,,,
,,,,,,,,,,
,,,,,,,,,,
,,,,,,,,,,
,,,,,,,,,,
,,,,,,,,,,
,,,,,,,,,,
,,,,,,,,,,
,,,,,,,,,,
,,,,,,,,,,
,,,,,,,,,,
,,,,,,,,,,
,,,,,,,,,,
,,,,,,,,,,
,,,,,,,,,,
,,,,,,,,,,
,,,,,,,,,,
,,,,,,,,,,
,,,,,,,,,,
,,,,,,,,,,
,,,,,,,,,,
,,,,,,,,,,
,,,,,,,,,,
,,,,,,,,,,
,,,,,,,,,,
,,,,,,,,,,
,,,,,,,,,,
,,,,,,,,,,
,,,,,,,,,,
,,,,,,,,,,
,,,,,,,,,,
,,,,,,,,,,
,,,,,,,,,,
,,,,,,,,,,
,,,,,,,,,,
,,,,,,,,,,
,,,,,,,,,,
,,,,,,,,,,
,,,,,,,,,,
,,,,,,,,,,
,,,,,,,,,,
,,,,,,,,,,
,,,,,,,,,,
,,,,,,,,,,
,,,,,,,,,,
,,,,,,,,,,
,,,,,,,,,,
,,,,,,,,,,
,,,,,,,,,,
,,,,,,,,,,
,,,,,,,,,,
,,,,,,,,,,
,,,,,,,,,,
,,,,,,,,,,
,,,,,,,,,,
,,,,,,,,,,
,,,,,,,,,,
,,,,,,,,,,
,,,,,,,,,,
,,,,,,,,,,
,,,,,,,,,,
,,,,,,,,,,
,,,,,,,,,,
,,,,,,,,,,
,,,,,,,,,,
,,,,,,,,,,
,,,,,,,,,,
,,,,,,,,,,
,,,,,,,,,,
,,,,,,,,,,
,,,,,,,,,,
,,,,,,,,,,
,,,,,,,,,,
,,,,,,,,,,
,,,,,,,,,,
,,,,,,,,,,
,,,,,,,,,,
,,,,,,,,,,
,,,,,,,,,,
,,,,,,,,,,
,,,,,,,,,,
,,,,,,,,,,
,,,,,,,,,,
,,,,,,,,,,
,,,,,,,,,,
,,,,,,,,,,
,,,,,,,,,,
,,,,,,,,,,
,,,,,,,,,,
,,,,,,,,,,
,,,,,,,,,,
,,,,,,,,,,
,,,,,,,,,,
,,,,,,,,,,
,,,,,,,,,,
,,,,,,,,,,
,,,,,,,,,,
,,,,,,,,,,
,,,,,,,,,,
,,,,,,,,,,
,,,,,,,,,,
,,,,,,,,,,
,,,,,,,,,,
,,,,,,,,,,
,,,,,,,,,,
,,,,,,,,,,
,,,,,,,,,,
,,,,,,,,,,
,,,,,,,,,,
,,,,,,,,,,
,,,,,,,,,,
,,,,,,,,,,
,,,,,,,,,,
,,,,,,,,,,
,,,,,,,,,,
,,,,,,,,,,
,,,,,,,,,,
,,,,,,,,,,
,,,,,,,,,,
,,,,,,,,,,
,,,,,,,,,,
,,,,,,,,,,
,,,,,,,,,,
,,,,,,,,,,
,,,,,,,,,,
,,,,,,,,,,
,,,,,,,,,,
,,,,,,,,,,
,,,,,,,,,,
,,,,,,,,,,
,,,,,,,,,,
,,,,,,,,,,
,,,,,,,,,,
,,,,,,,,,,
,,,,,,,,,,
,,,,,,,,,,
,,,,,,,,,,
,,,,,,,,,,
,,,,,,,,,,
,,,,,,,,,,
,,,,,,,,,,
,,,,,,,,,,
,,,,,,,,,,
,,,,,,,,,,
,,,,,,,,,,
,,,,,,,,,,
,,,,,,,,,,
,,,,,,,,,,
,,,,,,,,,,
,,,,,,,,,,
,,,,,,,,,,
,,,,,,,,,,
,,,,,,,,,,
,,,,,,,,,,
,,,,,,,,,,
,,,,,,,,,,
,,,,,,,,,,
,,,,,,,,,,
,,,,,,,,,,
,,,,,,,,,,
,,,,,,,,,,
,,,,,,,,,,
,,,,,,,,,,
,,,,,,,,,,
,,,,,,,,,,
,,,,,,,,,,
,,,,,,,,,,
,,,,,,,,,,
,,,,,,,,,,
,,,,,,,,,,
,,,,,,,,,,
,,,,,,,,,,
,,,,,,,,,,
,,,,,,,,,,
,,,,,,,,,,
,,,,,,,,,,
,,,,,,,,,,
,,,,,,,,,,
,,,,,,,,,,
,,,,,,,,,,
,,,,,,,,,,
,,,,,,,,,,
,,,,,,,,,,
,,,,,,,,,,
,,,,,,,,,,
,,,,,,,,,,
,,,,,,,,,,
,,,,,,,,,,
,,,,,,,,,,
,,,,,,,,,,
,,,,,,,,,,
,,,,,,,,,,
,,,,,,,,,,
,,,,,,,,,,
,,,,,,,,,,
,,,,,,,,,,
,,,,,,,,,,
,,,,,,,,,,
,,,,,,,,,,
,,,,,,,,,,
,,,,,,,,,,
,,,,,,,,,,
,,,,,,,,,,
,,,,,,,,,,
,,,,,,,,,,
,,,,,,,,,,
,,,,,,,,,,
,,,,,,,,,,
,,,,,,,,,,
,,,,,,,,,,
,,,,,,,,,,
,,,,,,,,,,
,,,,,,,,,,
,,,,,,,,,,
,,,,,,,,,,
,,,,,,,,,,
,,,,,,,,,,
,,,,,,,,,,
,,,,,,,,,,
,,,,,,,,,,
,,,,,,,,,,
,,,,,,,,,,
,,,,,,,,,,
,,,,,,,,,,
,,,,,,,,,,
,,,,,,,,,,
,,,,,,,,,,
,,,,,,,,,,
,,,,,,,,,,
,,,,,,,,,,
,,,,,,,,,,
,,,,,,,,,,
,,,,,,,,,,
,,,,,,,,,,
,,,,,,,,,,
,,,,,,,,,,
,,,,,,,,,,
,,,,,,,,,,
